,country,year,fin_dev_dep,fin_dep,bank_share_dep,bank_prcrdt,all_prcrdt,bank_share_prcrdt,bank_asgdp,net_int,bank_roa,bank_roe,ins_asset,life_ins,nonlife_ins,stock_mrkt,stock_trade,private_penfunds,mutual_funds
0,United States of America,2000,60.966,60.966,100,46.965,162.934,29,53.493,3.829,1.162,13.674,42.028,3.905,2.929,146.656,237.632,11679835.0,67.932
1,United States of America,2001,64.066,64.066,100,49.278,165.513,30,55.462,3.83,1.13,12.673,43.622,4.081,3.165,138.855,242.084,11226402.0,65.914
2,United States of America,2002,65.359,65.359,100,49.723,164.033,30,55.878,3.945,1.284,13.821,44.777,4.207,3.523,115.334,174.715,10565163.0,58.432
3,United States of America,2003,65.151,65.151,100,50.109,165.757,30,55.978,3.71,1.383,14.872,48.066,4.083,3.707,111.191,145.557,12413754.0,64.708
4,United States of America,2004,64.208,64.208,100,51.254,174.679,29,56.386,3.506,1.294,13.29,49.435,3.918,3.64,126.183,144.939,13748809.0,66.376
5,United States of America,2005,64.452,64.452,100,53.141,179.53,30,57.886,3.472,1.295,12.721,48.702,3.625,3.507,128.954,173.353,14605439.0,68.201
6,United States of America,2006,66.602,66.602,100,55.316,185.743,30,60.023,3.211,1.272,12.478,49.002,3.718,3.438,133.784,206.196,16390662.0,75.267
7,United States of America,2007,70.62,70.62,100,57.542,193.164,30,62.876,3.135,0.874,8.577,49.141,3.573,3.362,137.606,255.07,17669759.0,83.035
8,United States of America,2008,77.902,77.902,100,60.768,195.655,31,68.257,3.099,0.103,1.454,43.603,3.558,3.255,109.74,313.716,13931285.0,69.0
9,United States of America,2009,83.044,83.044,100,57.998,189.44,31,66.921,3.412,0.163,1.645,48.666,3.218,3.213,92.763,284.782,16190426.69,82.288
10,United States of America,2010,80.438,80.438,100,52.383,181.573,29,60.965,3.811,0.665,5.965,50.05,3.114,3.092,108.121,235.064,17936169.81,85.548
11,United States of America,2011,79.258,79.258,100,51.294,176.9,29,59.928,3.64,0.862,7.636,50.682,3.274,3.095,107.214,250.552,18096471.53,81.587
12,United States of America,2012,80.014,80.014,100,49.864,172.592,29,58.877,3.525,0.989,8.796,51.29,3.308,3.111,106.749,228.769,19936486.28,88.854
13,United States of America,2013,80.592,80.592,100,49.272,177.572,28,58.44,3.428,1.05,9.378,51.325,2.955,3.178,127.992,196.774,22734674.06,99.635
14,United States of America,2014,81.084,81.084,100,49.197,182.227,27,58.425,3.461,1.022,9.09,51.705,2.889,3.181,145.424,208.51,23935895.53,101.849
15,United States of America,2015,80.607,80.607,100,49.778,178.884,28,59.272,3.335,1.056,9.321,49.551,2.866,3.183,141.876,221.818,23981656.16,97.37
16,United States of America,2016,80.968,80.968,100,51.272,178.89,29,61.813,3.326,1.044,9.288,50.526,2.759,3.211,140.661,224.061,25288020.5,100.709
17,Canada,2000,66.16,66.16,100,72.555,91.077,80,81.572,2.006,-0.162,-1.902,,3.213,2.155,150.549,68.688,815310.683,37.53
18,Canada,2001,108.756,108.756,100,97.409,132.619,73,107.727,1.72,0.335,3.937,,2.932,2.314,92.69,71.777,741658.262,36.248
19,Canada,2002,146.888,146.888,100,118.42,168.27,70,129.599,2.19,0.476,5.961,,2.813,2.593,99.104,59.066,721407.733,32.732
20,Canada,2003,141.632,141.632,100,113.742,161.827,70,124.766,2.344,0.759,10.787,25.761,2.754,2.859,107.458,56.861,974754.346,37.784
21,Canada,2004,136.659,136.659,100,111.635,159.045,70,122.103,2.095,0.861,11.725,26.279,2.926,2.882,105.715,61.315,1176362.213,40.302
22,Canada,2005,138.467,138.467,100,115.894,164.471,70,126.142,1.596,0.657,8.04,26.922,2.986,2.728,117.871,72.541,1372018.985,41.814
23,Canada,2006,146.626,146.626,100,125.85,177.31,71,136.81,1.844,0.776,9.156,28.421,3.005,2.69,125.509,85.284,1535715.274,42.925
24,Canada,2007,128.759,128.759,100,126.6,152.801,83,137.417,2.103,0.664,7.952,28.47,3.18,2.332,136.714,104.695,1951002.26,47.548
25,Canada,2008,112.746,112.746,100,122.694,122.694,100,136.392,1.767,0.439,8.765,30.256,3.098,2.244,105.965,106.603,1391903.489,26.789
26,Canada,2009,,,,,,,,2.903,0.565,6.406,37.533,3.374,2.412,96.509,100.118,1711493.834,41.113
27,Canada,2010,,,,,,,,4.057,1.322,17.162,36.901,3.117,2.332,125.207,89.654,2068887.311,39.382
28,Canada,2011,,,,,,,,3.215,1.428,25.067,60.917,2.906,2.418,117.757,82.784,2157881.809,42.023
29,Canada,2012,,,,,,,,1.852,0.874,15.351,62.328,2.889,2.532,109.235,77.591,2324631.772,46.845
30,Canada,2013,,,,,,,,1.777,0.832,14.173,66.003,2.877,2.576,112.402,71.936,2405772.471,54.151
31,Canada,2014,,,,,,,,1.717,0.824,13.936,70.106,3.047,2.562,114.269,72.447,2446199.466,58.028
32,Canada,2015,,,,,,,,1.658,0.777,13.015,77.081,3.18,2.65,110.584,73.327,2225731.936,61.311
33,Canada,2016,,,,,,,,1.732,0.794,13.533,77.849,3.188,2.694,116.363,72.914,2378020.407,70.722
34,Mexico,2000,20.155,20.155,100,13.694,14.578,94,26.791,8.012,1.101,11.854,2.267,1.05,0.735,20.04,5.652,,2.612
35,Mexico,2001,19.339,19.339,100,12.515,13.595,92,25.811,7.219,0.848,8.857,2.567,0.85,0.811,16.746,6.497,27187.641,4.192
36,Mexico,2002,19.63,19.63,100,12.083,13.528,89,24.621,6.205,0.458,4.46,2.963,0.923,0.915,14.7,5.029,31515.918,3.984
37,Mexico,2003,19.821,19.821,100,12.923,14.698,88,25.252,5.719,1.468,13.576,3.285,0.602,0.795,14.72,3.139,35736.558,4.381
38,Mexico,2004,19.609,19.609,100,12.356,14.214,87,24.06,6.772,1.109,10.336,3.405,0.676,0.766,18.354,4.201,42779.002,4.494
39,Mexico,2005,19.936,19.936,100,12.802,14.757,87,24.024,8.199,2.303,19.916,3.57,0.603,0.701,23.615,5.691,77924.905,5.385
40,Mexico,2006,19.717,19.717,100,14.348,16.617,86,25.559,8.076,2.738,20.857,3.562,0.698,0.678,29.9,6.937,97911.129,6.419
41,Mexico,2007,20.491,20.491,100,16.407,19.41,85,28.767,8.207,2.499,17.944,3.892,0.73,0.734,35.248,9.419,112399.085,7.165
42,Mexico,2008,21.276,21.276,100,16.713,20.237,83,29.882,6.331,1.268,10.837,4.323,0.75,0.719,28.284,9.059,98124.73,5.445
43,Mexico,2009,23.936,23.936,100,17.594,21.799,81,33.306,5.497,1.308,12.202,4.878,0.854,0.845,30.095,8.18,116944.426,7.851
44,Mexico,2010,24.531,24.531,100,17.376,21.969,79,33.33,5.58,1.491,13.068,4.905,0.845,0.747,39.24,9.155,146062.148,9.273
45,Mexico,2011,24.742,24.742,100,17.933,22.749,79,33.318,5.05,1.207,10.841,5.188,0.855,0.823,36.719,8.974,142650.391,7.856
46,Mexico,2012,25.355,25.355,100,18.907,24.339,78,34.695,5.912,1.485,13.512,5.289,0.908,0.818,37.744,8.868,181574.006,9.342
47,Mexico,2013,26.924,26.924,100,20.721,27.095,76,37.657,5.895,1.633,14.763,5.698,0.981,0.884,41.838,11.219,194770.38,9.457
48,Mexico,2014,27.555,27.555,100,21.265,28.083,76,38.562,5.708,1.264,11.559,5.938,0.967,0.818,37.46,10.86,195520.678,9.085
49,Mexico,2015,28.734,28.734,100,22.144,29.579,75,39.21,3.897,1.104,10.162,6.272,0.983,0.877,34.211,8.97,175939.065,9.04
50,Mexico,2016,29.444,29.444,100,23.844,31.563,76,39.902,4.672,1.296,12.166,6.625,1.052,0.903,32.029,9.216,156502.576,8.57
51,Brazil,2000,39.835,39.835,100,29.065,30.208,96,61.898,6.4,0.943,9.254,3.304,0.317,1.073,33.534,19.353,,22.663
52,Brazil,2001,42.184,42.184,100,28.719,29.842,96,61.764,6.088,0.962,9.479,3.595,0.333,1.081,32.379,12.347,,26.492
53,Brazil,2002,40.57,40.57,100,27.18,28.036,97,57.969,6.428,1.952,18.798,4.174,0.49,1.047,26.983,8.929,,19.043
54,Brazil,2003,42.103,42.103,100,27.197,27.885,98,60.062,8.891,2.033,19.515,4.947,0.721,1.031,32.018,9.737,68718.848,30.734
55,Brazil,2004,43.569,43.569,100,26.118,26.807,97,61.062,7.47,1.753,16.837,5.627,0.856,1.022,43.013,13.965,,32.957
56,Brazil,2005,46.653,46.653,100,27.671,28.531,97,64.971,8.0,1.967,19.559,6.168,0.87,1.052,48.994,17.276,,33.975
57,Brazil,2006,50.1,50.1,100,30.545,33.804,90,69.506,8.298,2.226,21.868,6.881,0.981,1.054,56.054,21.242,224786.996,37.807
58,Brazil,2007,52.576,52.576,100,35.545,40.894,87,73.042,7.848,2.665,27.649,7.535,1.091,1.04,77.054,34.051,317187.98,44.046
59,Brazil,2008,54.512,54.512,100,41.496,46.486,89,75.818,3.538,0.796,7.915,7.414,1.102,1.062,61.432,37.33,,28.265
60,Brazil,2009,53.393,53.393,100,45.719,53.078,86,80.278,7.427,1.746,17.02,8.747,1.277,1.011,56.103,36.93,,47.028
61,Brazil,2010,47.314,47.314,100,46.733,55.409,84,80.514,6.32,1.588,17.379,8.902,1.277,0.965,69.602,38.829,,44.387
62,Brazil,2011,47.671,47.671,100,52.679,60.069,88,87.025,5.372,1.328,15.419,8.56,1.334,0.957,55.2,34.351,,38.565
63,Brazil,2012,49.531,49.531,100,57.523,63.96,90,92.651,5.496,0.982,11.996,9.536,1.598,0.974,46.149,31.129,,43.445
64,Brazil,2013,50.639,50.639,100,60.428,66.339,91,94.647,3.833,0.91,11.83,9.582,1.435,1.044,43.308,30.294,,41.011
65,Brazil,2014,51.799,51.799,100,62.845,68.055,92,95.846,3.65,1.059,13.898,10.392,0.366,1.096,36.452,27.066,411790.399,40.291
66,Brazil,2015,55.346,55.346,100,65.835,70.177,94,102.325,3.183,0.924,11.164,11.78,0.364,1.1,30.634,24.596,310806.262,41.256
67,Brazil,2016,59.26,59.26,100,63.943,67.827,94,105.752,8.336,1.431,15.469,13.334,0.345,1.067,34.303,26.955,439506.799,59.08
68,Argentina,2000,24.856,24.96,100,21.763,22.446,97,30.896,3.759,0.499,5.639,,0.888,1.299,17.89,3.696,,2.613
69,Argentina,2001,24.3,24.397,100,20.567,21.233,97,30.523,9.206,-0.038,-0.368,,1.048,1.422,14.742,2.942,,1.396
70,Argentina,2002,19.933,19.994,100,15.005,15.375,98,33.313,3.028,-6.697,-24.051,,1.081,1.98,13.819,1.664,11649.518,1.045
71,Argentina,2003,19.314,19.364,100,10.698,10.846,99,33.893,1.919,-3.624,-32.469,3.151,0.647,1.488,20.764,1.645,16139.484,1.502
72,Argentina,2004,19.589,19.632,100,8.866,9.011,98,29.293,2.36,-0.574,-5.906,,0.657,1.489,22.954,2.272,18306.185,1.43
73,Argentina,2005,19.462,19.504,100,9.165,9.358,98,26.67,2.518,0.652,6.277,2.78,0.745,1.404,22.238,2.474,22054.841,1.825
74,Argentina,2006,18.872,18.924,100,10.004,10.29,97,23.223,3.267,1.518,13.624,2.551,0.634,1.44,20.759,1.805,28901.854,2.646
75,Argentina,2007,18.388,18.453,100,10.908,11.302,97,20.473,3.864,1.312,11.503,2.367,0.624,1.44,18.717,1.424,29282.953,2.361
76,Argentina,2008,16.477,16.536,100,10.832,11.267,96,18.237,3.843,1.547,13.978,2.159,0.55,1.481,13.254,1.119,,1.07
77,Argentina,2009,17.066,17.131,100,11.445,11.88,96,19.493,5.201,2.3,20.573,4.193,0.441,1.714,11.946,0.652,,1.342
78,Argentina,2010,16.158,16.225,100,10.657,11.007,97,18.681,4.875,2.736,25.064,3.672,0.343,1.609,12.702,0.471,,1.223
79,Argentina,2011,15.739,15.8,100,11.461,11.843,97,18.624,5.042,2.674,25.627,3.463,0.35,1.656,9.862,0.461,,1.284
80,Argentina,2012,16.748,16.817,100,12.937,13.392,97,19.562,5.785,2.72,25.573,3.514,0.4,1.789,6.532,0.325,,1.682
81,Argentina,2013,17.251,17.32,100,13.379,13.857,97,19.559,5.703,2.86,25.84,3.579,0.412,1.93,7.281,0.308,,2.025
82,Argentina,2014,16.53,16.592,100,12.286,12.663,97,18.981,5.913,3.593,30.821,3.663,0.403,1.911,9.231,0.483,,2.97
83,Argentina,2015,17.495,17.549,100,12.219,12.522,98,19.81,9.203,3.219,26.502,3.723,0.421,2.136,9.113,0.484,,2.763
84,Argentina,2016,18.453,18.502,100,11.764,12.107,97,19.325,10.353,3.386,28.544,4.073,0.431,2.13,9.119,0.555,,3.621
85,Cuba,2000,,,,,,,,4.954,3.806,37.204,,,,,,,
86,Cuba,2001,,,,,,,,3.693,2.68,26.663,,,,,,,
87,Cuba,2002,,,,,,,,3.375,2.317,19.481,,,,,,,
88,Cuba,2003,,,,,,,,3.482,2.467,19.256,,,,,,,
89,Cuba,2004,,,,,,,,1.708,0.924,20.613,,,,,,,
90,Cuba,2005,,,,,,,,1.55,0.806,17.91,,,,,,,
91,Cuba,2006,,,,,,,,1.688,1.043,16.753,,,,,,,
92,Cuba,2007,,,,,,,,1.132,0.734,8.422,,,,,,,
93,Cuba,2008,,,,,,,,2.088,1.397,10.734,,,,,,,
94,Cuba,2009,,,,,,,,1.493,0.872,6.098,,,,,,,
95,Cuba,2010,,,,,,,,1.066,0.832,5.476,,,,,,,
96,Cuba,2011,,,,,,,,1.402,1.046,6.998,,,,,,,
97,Cuba,2012,,,,,,,,1.541,1.226,8.164,,,,,,,
98,Cuba,2013,,,,,,,,2.153,1.378,9.076,,,,,,,
99,Cuba,2014,,,,,,,,1.534,1.032,6.69,,,,,,,
100,Cuba,2015,,,,,,,,0.964,1.189,7.344,,,,,,,
101,Cuba,2016,,,,,,,,0.809,1.098,7.04,,,,,,,
102,United Kingdom,2000,,,,107.565,107.565,100,107.565,1.26,1.292,18.04,89.394,13.638,2.582,161.749,95.745,,21.771
103,United Kingdom,2001,,,,116.112,116.112,100,116.112,0.954,0.686,8.473,84.57,12.599,2.834,141.651,111.924,1072924.698,19.327
104,United Kingdom,2002,,,,120.35,120.35,100,120.35,1.397,0.952,9.897,77.645,12.03,3.02,115.6,85.412,1019320.05,16.229
105,United Kingdom,2003,,,,123.812,123.812,100,123.812,1.883,1.162,10.815,76.884,10.615,3.169,108.632,58.314,1294503.59,19.334
106,United Kingdom,2004,,,,130.388,130.388,100,130.388,2.908,1.897,34.455,79.05,10.142,2.971,114.909,62.616,1538431.562,20.428
107,United Kingdom,2005,,,,136.774,136.774,100,136.774,1.337,0.717,16.549,85.539,12.588,3.448,115.831,66.085,1647240.138,21.6
108,United Kingdom,2006,,,,144.738,144.738,100,144.738,1.143,0.631,17.427,100.968,15.801,3.351,127.172,83.336,2079091.82,27.907
109,United Kingdom,2007,,,,157.772,157.772,100,157.772,0.896,0.704,19.689,101.178,18.074,2.961,128.702,112.22,2120228.271,29.012
110,United Kingdom,2008,,,,179.767,179.767,100,179.767,0.792,0.123,4.023,86.179,12.529,3.031,93.938,110.358,1309981.996,17.275
111,United Kingdom,2009,,,,195.146,195.146,100,195.146,0.307,-0.046,-1.549,94.631,10.993,2.768,94.005,107.372,1631332.067,30.225
112,United Kingdom,2010,,,,186.724,186.724,100,186.724,2.306,-0.012,-0.295,97.761,9.793,2.779,121.787,122.489,1793721.721,34.43
113,United Kingdom,2011,,,,176.827,176.827,100,176.827,1.797,0.065,1.367,94.313,9.485,2.714,118.689,121.97,1886204.894,35.501
114,United Kingdom,2012,,,,164.569,164.569,100,164.569,1.273,-0.236,-4.769,95.022,10.233,2.703,112.111,102.572,2146166.79,42.765
115,United Kingdom,2013,,,,153.723,153.723,100,153.723,1.574,0.189,3.787,94.443,9.305,2.705,,75.29,2364943.131,48.906
116,United Kingdom,2014,,,,140.762,140.762,100,140.762,1.593,0.255,4.604,94.825,8.878,2.499,,68.167,2300809.618,48.974
117,United Kingdom,2015,,,,132.478,132.478,100,132.478,1.722,0.472,7.306,93.857,8.488,2.412,,,2278920.65,53.996
118,United Kingdom,2016,,,,130.067,130.067,100,130.067,1.691,0.331,4.029,116.652,,,,,2205295.886,56.102
119,Germany,2000,90.916,90.916,100,116.332,116.332,100,146.792,1.172,0.264,6.863,52.65,2.897,2.082,64.207,75.559,73996.918,37.391
120,Germany,2001,59.429,59.429,100,111.14,111.14,100,137.888,1.096,0.178,4.637,53.663,2.874,2.082,59.127,78.935,67537.829,35.771
121,Germany,2002,60.374,60.374,100,110.752,110.752,100,137.337,1.222,-0.084,-2.235,54.07,2.96,2.124,43.681,53.959,77654.204,32.717
122,Germany,2003,62.294,62.294,100,109.868,109.868,100,136.251,1.022,-0.326,-9.462,57.941,3.093,2.182,37.9,41.143,99583.598,35.688
123,Germany,2004,62.419,62.419,100,106.522,106.522,100,132.695,1.056,-0.049,-1.636,58.314,3.102,2.175,42.214,40.765,116972.956,35.952
124,Germany,2005,63.388,63.388,100,104.436,104.436,100,130.097,0.911,0.295,10.541,59.958,3.275,2.143,41.778,43.032,112274.814,40.403
125,Germany,2006,64.007,64.007,100,101.123,101.123,100,124.704,1.043,0.278,9.862,58.805,3.276,2.036,47.348,53.972,132659.037,41.247
126,Germany,2007,65.346,65.346,100,96.624,96.624,100,117.608,0.994,0.458,15.959,57.75,3.143,1.915,56.432,77.901,170371.004,40.581
127,Germany,2008,69.84,69.84,100,95.93,95.93,100,115.165,0.931,-0.314,-12.199,54.606,3.111,1.881,45.061,102.546,165634.075,34.578
128,Germany,2009,74.712,74.712,100,99.001,99.001,100,118.677,1.115,-0.124,-4.733,57.852,3.47,1.967,34.197,84.157,187937.675,40.094
129,Germany,2010,72.56,72.56,100,90.579,90.579,100,112.382,0.937,0.066,2.037,58.169,3.502,1.892,38.83,46.71,187279.528,42.451
130,Germany,2011,72.977,72.977,100,84.417,84.417,100,106.57,0.792,0.017,0.511,56.677,3.211,1.854,35.832,41.885,192912.325,40.508
131,Germany,2012,75.763,75.763,100,83.299,83.299,100,104.267,0.812,0.129,3.926,59.574,3.254,1.889,36.422,38.249,221111.507,45.952
132,Germany,2013,77.51,77.51,100,81.485,81.485,100,102.346,0.875,0.127,3.377,61.207,3.214,1.916,46.198,34.678,236931.745,48.662
133,Germany,2014,78.011,78.011,100,78.798,78.798,100,98.609,0.952,0.128,2.968,63.19,3.194,1.913,47.128,33.11,236203.874,53.131
134,Germany,2015,79.766,79.766,100,77.123,77.123,100,96.099,0.725,0.104,2.269,63.013,3.044,1.907,47.032,37.181,220177.425,57.41
135,Germany,2016,81.099,81.099,100,75.768,75.768,100,93.398,0.808,0.147,3.036,63.136,2.887,1.903,49.044,36.738,227311.911,60.73
136,Turkey,2000,27.625,27.625,100,13.698,13.698,100,31.818,7.33,-0.032,3.141,1.548,0.196,0.734,27.827,36.525,,1.094
137,Turkey,2001,31.506,31.506,100,14.08,14.08,100,34.576,6.481,-4.455,-45.22,1.637,0.192,0.717,21.549,41.452,,1.862
138,Turkey,2002,32.95,32.95,100,12.23,12.23,100,33.999,4.665,1.265,22.727,1.5,0.192,0.707,16.259,25.625,,2.498
139,Turkey,2003,30.745,30.745,100,12.674,12.674,100,34.969,5.591,2.12,25.296,1.599,0.227,0.731,16.813,26.96,,4.5
140,Turkey,2004,28.505,28.505,100,13.962,13.962,100,34.521,9.015,3.441,27.387,1.681,0.213,0.816,20.857,30.578,1638.837,4.43
141,Turkey,2005,31.242,31.242,100,17.661,17.661,100,38.602,5.969,2.786,21.526,2.128,0.192,0.806,26.013,35.076,3233.032,4.298
142,Turkey,2006,34.274,34.274,100,21.535,21.535,100,41.959,5.924,2.824,25.127,2.197,0.182,0.903,28.236,37.469,4024.131,2.776
143,Turkey,2007,36.376,36.376,100,25.2,25.2,100,44.31,6.116,2.962,26.657,2.487,0.157,0.926,33.812,42.214,8793.676,3.318
144,Turkey,2008,39.376,39.376,100,28.273,29.478,96,47.454,4.784,1.701,15.383,1.437,0.166,0.888,27.183,36.517,9309.041,1.999
145,Turkey,2009,45.555,45.555,100,32.599,35.107,93,56.073,6.281,2.558,22.484,1.607,0.19,0.876,25.12,38.078,14542.994,2.992
146,Turkey,2010,46.034,46.034,100,36.176,38.693,93,60.599,4.838,2.362,19.353,3.008,0.188,0.816,35.376,47.433,16768.516,2.515
147,Turkey,2011,43.501,43.501,100,40.183,42.771,94,60.126,3.761,1.597,13.653,2.91,0.193,0.817,28.216,43.204,28284.44,1.675
148,Turkey,2012,43.395,43.395,100,45.086,47.939,94,62.156,4.995,1.854,15.646,3.214,0.173,0.864,28.32,39.757,30199.729,1.871
149,Turkey,2013,43.625,43.625,100,49.944,53.087,94,64.714,4.209,1.488,12.967,3.423,0.187,0.918,26.304,37.682,35543.012,1.47
150,Turkey,2014,45.072,45.072,100,56.012,59.557,94,69.47,4.15,1.341,12.378,3.846,0.16,0.87,21.123,37.749,41119.007,1.631
151,Turkey,2015,44.471,44.471,100,57.979,61.635,94,70.615,3.803,1.104,10.02,4.065,0.161,0.915,21.435,37.859,37196.459,1.491
152,Turkey,2016,46.335,46.335,100,60.944,64.743,94,73.267,4.001,1.397,12.774,4.541,0.193,1.07,19.805,34.658,35216.581,1.412
153,Saudi Arabia,2000,15.188,15.188,100,23.46,51.378,46,40.389,3.348,1.856,19.792,,0.017,0.197,33.768,8.504,,5.425
154,Saudi Arabia,2001,17.712,17.712,100,25.959,54.514,48,44.696,3.594,2.12,21.238,,0.016,0.262,38.264,12.114,,7.25
155,Saudi Arabia,2002,19.726,19.726,100,27.613,55.85,49,46.594,3.689,2.202,21.192,,0.02,0.325,39.243,15.268,,6.867
156,Saudi Arabia,2003,19.627,19.627,100,26.805,52.832,51,46.053,3.516,2.296,21.507,,0.005,0.35,53.99,44.989,,6.656
157,Saudi Arabia,2004,19.129,19.129,100,27.919,49.965,56,46.062,3.538,2.721,25.418,,,,89.445,121.904,,6.216
158,Saudi Arabia,2005,17.155,17.155,100,30.31,46.541,65,43.879,3.555,3.549,30.888,,0.016,0.292,144.113,238.491,,11.129
159,Saudi Arabia,2006,16.383,16.383,100,32.209,45.497,71,43.437,3.688,3.952,31.621,,0.015,0.319,129.424,331.271,,5.959
160,Saudi Arabia,2007,17.632,17.632,100,33.477,45.816,73,44.282,3.532,2.917,23.774,,0.021,0.333,99.811,251.537,,6.742
161,Saudi Arabia,2008,16.993,16.993,100,33.948,45.357,75,44.894,3.256,1.985,16.771,,0.03,0.283,75.339,118.132,,3.838
162,Saudi Arabia,2009,24.029,24.029,100,45.564,61.645,74,58.764,3.067,1.794,14.659,1.519,0.062,0.392,72.614,100.316,,5.565
163,Saudi Arabia,2010,24.345,24.345,100,38.212,52.737,72,48.236,2.923,1.808,13.771,1.47,0.049,0.34,63.744,51.269,,4.783
164,Saudi Arabia,2011,23.486,23.486,100,32.782,45.595,72,41.299,2.868,2.029,14.809,1.251,0.036,0.313,52.163,36.951,,3.265
165,Saudi Arabia,2012,25.234,25.234,100,33.65,46.435,72,41.37,2.761,2.021,14.611,1.258,0.032,0.326,48.312,54.225,,3.191
166,Saudi Arabia,2013,28.867,28.867,100,38.128,48.036,79,46.851,2.725,2.034,14.795,1.506,0.03,0.411,56.424,58.835,,3.685
167,Saudi Arabia,2014,32.67,32.67,100,42.137,49.313,85,52.644,2.678,2.116,15.518,1.668,0.032,0.489,63.066,61.576,,3.903
168,Saudi Arabia,2015,40.095,40.095,100,53.563,62.914,85,65.494,2.587,2.07,14.829,2.206,0.042,0.672,69.153,76.843,,4.194
169,Saudi Arabia,2016,40.764,40.764,100,57.972,68.361,85,68.894,2.779,1.846,12.474,2.378,0.043,0.708,68.081,58.233,,3.632
170,United Arab Emirates,2000,28.408,28.408,100,30.154,30.154,100,35.352,2.927,2.06,14.652,,0.181,0.62,,,,
171,United Arab Emirates,2001,34.64,34.64,100,32.995,32.995,100,37.562,2.802,2.051,14.482,,0.168,0.688,,,,
172,United Arab Emirates,2002,38.137,38.137,100,34.235,34.235,100,39.078,2.788,2.134,14.523,,0.174,0.804,,,,
173,United Arab Emirates,2003,38.16,38.16,100,34.022,34.022,100,40.282,2.782,2.199,14.571,,0.181,0.852,20.384,0.778,,
174,United Arab Emirates,2004,38.631,38.631,100,34.065,34.065,100,41.439,2.806,2.622,18.192,,0.192,0.836,27.343,1.77,,
175,United Arab Emirates,2005,40.642,40.642,100,37.31,37.31,100,45.791,2.98,4.021,27.537,,0.182,0.884,49.313,8.748,,
176,United Arab Emirates,2006,46.273,46.273,100,47.287,47.287,100,58.098,2.663,2.827,21.069,2.985,0.202,0.884,31.99,9.089,,
177,United Arab Emirates,2007,48.417,48.417,100,48.378,48.378,100,59.091,2.388,2.324,20.756,3.361,0.28,0.974,48.933,13.142,,
178,United Arab Emirates,2008,53.054,53.054,100,58.519,58.519,100,70.041,2.727,1.726,16.546,2.831,0.23,1.007,39.097,19.498,,
179,United Arab Emirates,2009,71.637,71.637,100,83.541,83.541,100,101.23,2.675,1.262,10.799,3.981,0.351,1.382,48.198,26.867,,
180,United Arab Emirates,2010,67.939,67.939,100,73.915,73.915,100,92.603,3.042,1.443,10.747,3.903,0.379,1.221,46.397,16.139,,
181,United Arab Emirates,2011,59.247,59.247,100,62.308,62.308,100,79.796,3.252,1.592,11.621,3.216,0.364,1.054,31.992,6.069,,
182,United Arab Emirates,2012,58.12,58.12,100,59.963,59.963,100,78.808,3.244,1.687,12.122,3.533,0.433,1.002,26.004,4.393,,
183,United Arab Emirates,2013,63.562,63.562,100,59.045,59.045,100,80.827,3.35,1.842,13.14,4.145,0.49,0.894,37.822,10.787,,
184,United Arab Emirates,2014,70.53,70.53,100,61.413,61.413,100,85.838,3.331,2.022,14.53,4.383,0.584,0.911,50.759,25.882,,
185,United Arab Emirates,2015,85.342,85.342,100,76.511,76.511,100,106.134,3.378,2.119,14.765,5.595,0.722,1.054,58.784,28.32,,
186,United Arab Emirates,2016,88.039,88.039,100,81.553,83.394,98,113.431,2.865,1.721,11.833,6.863,0.67,1.112,59.376,14.731,,
187,Egypt,2000,58.147,58.147,100,47.131,47.131,100,70.643,1.648,0.806,12.93,3.853,0.23,0.387,30.843,10.082,,
188,Egypt,2001,62.551,62.551,100,49.563,49.563,100,73.758,1.282,0.569,9.654,3.865,0.23,0.374,26.151,7.323,,
189,Egypt,2002,67.133,67.133,100,50.77,50.77,100,78.342,1.331,0.408,7.286,3.862,0.227,0.383,26.642,3.356,,
190,Egypt,2003,71.328,71.328,100,49.168,49.168,100,78.781,1.253,0.415,7.248,3.882,0.325,0.433,29.723,3.278,,
191,Egypt,2004,75.318,75.318,100,48.672,48.672,100,78.392,1.632,0.502,8.32,3.648,0.37,0.474,38.804,5.279,,
192,Egypt,2005,76.203,76.203,100,47.483,47.483,100,77.228,1.74,0.524,8.948,3.553,0.44,0.477,66.098,17.196,,
193,Egypt,2006,74.656,74.656,100,44.583,44.583,100,71.741,1.351,0.565,9.813,3.431,0.431,0.411,82.015,42.425,,
194,Egypt,2007,72.317,72.317,100,40.943,40.943,100,64.228,1.895,0.854,14.684,3.185,0.519,0.387,88.733,42.004,,
195,Egypt,2008,72.339,72.339,100,40.228,40.228,100,66.21,2.052,0.856,14.08,3.546,0.495,0.401,76.231,50.828,3969.21,
196,Egypt,2009,65.519,65.519,100,35.232,35.232,100,65.35,2.389,0.833,12.502,3.011,0.444,0.395,47.483,46.054,,
197,Egypt,2010,62.174,62.174,100,30.742,30.742,100,61.929,2.44,1.036,15.105,2.907,0.428,0.375,40.482,26.116,,
198,Egypt,2011,59.166,59.166,100,28.861,28.861,100,61.373,2.627,0.823,11.788,2.787,0.372,0.357,27.83,11.132,,
199,Egypt,2012,54.874,54.874,100,26.655,26.655,100,61.251,3.701,1.14,14.991,2.569,0.327,0.329,19.182,5.86,,
200,Egypt,2013,57.388,57.388,100,25.956,25.956,100,63.851,3.858,1.246,15.33,2.565,0.367,0.334,20.594,5.101,5080.513,
201,Egypt,2014,58.519,58.519,100,24.546,24.546,100,64.961,3.767,1.486,17.893,2.582,0.381,0.31,20.997,6.229,5552.071,
202,Egypt,2015,60.419,60.419,100,24.524,24.524,100,69.212,4.133,1.772,21.728,2.449,0.32,0.314,18.617,6.149,5511.655,
203,Egypt,2016,69.491,69.491,100,28.086,28.086,100,84.02,3.683,1.704,22.59,2.429,0.362,0.31,12.607,3.527,2664.81,
204,South Africa,2000,48.861,48.861,100,63.334,123.794,51,68.855,3.763,1.591,9.456,33.755,15.381,1.642,160.551,49.74,,12.409
205,South Africa,2001,49.587,49.587,100,68.08,129.252,53,73.532,4.137,0.648,6.186,35.585,13.575,1.571,129.627,38.439,68904.795,11.983
206,South Africa,2002,47.925,47.925,100,61.158,117.06,52,66.796,1.649,0.625,5.617,28.521,14.253,1.642,131.171,33.119,100393.056,18.17
207,South Africa,2003,48.95,48.95,100,56.888,109.293,52,63.428,11.664,0.116,0.704,27.545,12.194,1.743,148.694,33.346,136912.5,19.663
208,South Africa,2004,48.418,48.418,100,58.699,113.133,52,65.432,4.931,1.725,31.03,27.758,10.151,1.83,163.837,30.936,193926.643,23.626
209,South Africa,2005,49.9,49.9,100,61.245,122.242,50,67.765,3.398,1.552,27.417,32.69,9.889,1.913,194.188,38.172,202991.462,25.446
210,South Africa,2006,53.659,53.659,100,66.118,134.577,49,72.291,3.04,1.439,24.88,30.467,11.675,2.666,225.456,51.019,232553.802,28.724
211,South Africa,2007,56.64,56.64,100,71.136,143.365,50,77.034,3.466,1.494,25.582,,10.593,2.62,252.095,70.517,284669.604,31.802
212,South Africa,2008,60.395,60.395,100,74.316,141.504,53,81.497,2.713,1.157,20.115,53.585,11.081,2.52,212.676,75.069,211966.255,24.207
213,South Africa,2009,61.091,61.091,100,74.408,140.594,53,83.809,3.134,0.924,15.296,51.767,11.676,2.583,215.508,70.902,253943.089,35.907
214,South Africa,2010,57.367,57.367,100,69.583,141.74,49,79.842,3.038,0.951,14.368,52.583,9.433,2.479,247.798,70.805,331501.297,37.729
215,South Africa,2011,57.895,57.895,100,66.223,138.515,48,77.111,2.764,1.097,15.829,52.133,9.264,2.468,208.886,61.354,298394.921,30.012
216,South Africa,2012,59.032,59.032,100,65.933,138.49,48,77.25,3.047,1.176,16.029,54.918,9.859,2.515,202.725,53.966,323385.071,36.623
217,South Africa,2013,57.853,57.853,100,65.572,142.725,46,76.363,3.073,0.856,11.409,57.789,10.43,2.491,234.834,58.239,306107.046,38.947
218,South Africa,2014,58.316,58.316,100,65.689,146.812,45,76.728,3.325,0.903,12.338,60.043,10.631,2.47,256.201,65.316,317525.246,41.742
219,South Africa,2015,59.516,59.516,100,66.065,145.726,45,77.658,2.981,0.913,15.418,63.253,10.664,2.558,243.058,70.188,259622.065,38.432
220,South Africa,2016,59.542,59.542,100,66.062,142.722,46,78.524,3.453,1.19,16.705,59.968,10.243,2.569,270.278,102.462,302975.129,49.205
221,Nigeria,2000,9.135,9.135,100,7.524,7.524,100,11.207,10.6,2.558,25.178,,0.096,0.492,7.471,0.423,,
222,Nigeria,2001,10.862,10.862,100,8.861,8.861,100,12.399,10.343,3.261,34.092,,0.137,0.613,10.892,0.222,,
223,Nigeria,2002,9.635,9.635,100,7.91,7.91,100,11.175,12.12,2.443,22.811,0.705,0.126,0.546,2.429,0.816,,
224,Nigeria,2003,9.445,9.445,100,7.957,7.957,100,11.332,10.923,1.841,15.738,0.926,0.074,0.512,10.709,0.935,,
225,Nigeria,2004,8.572,8.572,100,7.752,7.752,100,10.659,7.533,2.025,16.819,0.89,0.098,0.439,10.929,1.158,,0.115
226,Nigeria,2005,8.709,8.709,100,8.149,8.149,100,11.252,7.302,2.097,13.802,0.828,0.081,0.463,11.316,1.085,,
227,Nigeria,2006,8.754,8.754,100,7.904,7.904,100,11.273,6.831,1.754,10.72,1.073,0.072,0.439,12.043,1.207,,
228,Nigeria,2007,12.097,12.097,100,11.524,11.524,100,16.889,7.089,2.966,17.337,1.296,0.079,0.431,21.421,3.778,6910.289,
229,Nigeria,2008,16.866,16.866,100,17.233,17.233,100,22.765,7.199,2.517,15.651,1.464,0.127,0.521,21.361,5.338,8290.51,
230,Nigeria,2009,19.402,19.402,100,20.161,20.161,100,24.736,6.848,-12.83,5.486,1.324,0.149,0.618,12.112,3.135,10141.864,
231,Nigeria,2010,17.524,17.524,100,16.637,16.637,100,21.862,6.648,2.917,13.774,1.055,0.091,0.284,11.316,1.323,13418.226,
232,Nigeria,2011,16.91,16.91,100,13.055,13.055,100,20.131,8.972,0.217,1.634,0.968,0.087,0.259,10.918,1.095,15434.637,0.116
233,Nigeria,2012,17.413,17.413,100,11.541,11.541,100,19.743,8.875,2.999,21.618,0.979,0.089,0.252,10.336,0.87,20041.378,0.141
234,Nigeria,2013,17.953,17.953,100,11.575,11.575,100,18.862,7.702,2.042,14.554,0.98,0.096,0.224,13.244,0.998,25800.839,0.186
235,Nigeria,2014,17.912,17.912,100,12.896,12.896,100,18.253,7.124,2.086,14.884,0.926,0.095,0.204,12.668,1.003,27178.395,0.192
236,Nigeria,2015,17.692,17.692,100,14.044,14.044,100,19.012,6.84,1.472,10.137,0.964,0.099,0.196,10.361,0.847,26912.589,0.273
237,Nigeria,2016,17.266,17.266,100,14.66,14.66,100,20.207,5.602,1.531,10.698,0.991,0.1,0.18,8.662,0.601,20212.555,0.214
238,Kenya,2000,26.324,26.324,100,22.997,22.997,100,30.313,6.484,0.82,13.929,,0.528,1.216,9.489,0.332,,
239,Kenya,2001,26.48,26.48,100,22.21,22.21,100,30.088,9.756,2.157,19.664,6.489,0.619,1.2,8.78,0.294,1092.621,
240,Kenya,2002,28.093,28.093,100,22.389,22.389,100,31.371,7.956,0.447,3.127,6.988,0.622,1.388,9.359,0.291,1391.76,
241,Kenya,2003,29.332,29.332,100,22.178,22.178,100,32.559,7.938,2.041,16.682,7.7,0.668,1.375,19.241,0.804,1751.706,
242,Kenya,2004,29.49,29.49,100,22.429,22.429,100,32.315,7.515,2.328,19.255,7.225,0.701,1.318,25.272,1.497,2013.785,
243,Kenya,2005,29.369,29.369,100,22.799,22.799,100,31.394,10.486,2.797,22.587,7.379,0.712,1.301,28.028,2.145,2589.382,
244,Kenya,2006,29.232,29.232,100,22.082,22.082,100,31.087,8.359,3.019,23.307,6.699,0.707,1.293,35.731,3.692,3506.319,
245,Kenya,2007,28.927,28.927,100,21.292,21.292,100,30.365,8.164,3.213,24.169,6.811,0.793,1.196,39.962,4.092,4207.419,
246,Kenya,2008,31.565,31.565,100,23.769,23.769,100,33.206,6.415,2.721,20.345,6.22,0.789,1.195,35.842,2.799,3503.794,
247,Kenya,2009,30.479,30.479,100,23.448,23.448,100,33.15,7.418,2.872,20.795,5.615,0.809,1.142,27.951,1.184,4139.603,
248,Kenya,2010,32.6,32.6,100,24.616,24.616,100,36.916,8.157,3.977,26.104,6.409,0.857,1.299,31.149,1.209,5346.336,
249,Kenya,2011,34.132,34.132,100,26.951,26.951,100,38.913,8.185,3.491,23.095,5.977,0.847,1.313,28.358,1.953,5419.047,
250,Kenya,2012,34.687,34.687,100,28.101,28.101,100,39.67,8.067,3.331,21.969,6.635,0.89,1.299,25.352,1.961,6380.173,
251,Kenya,2013,35.574,35.574,100,29.221,29.221,100,42.047,9.564,3.703,22.909,6.984,0.88,1.319,,2.532,8071.86,
252,Kenya,2014,36.248,36.248,100,31.185,31.185,100,43.774,8.47,3.578,20.536,7.221,0.996,1.332,,2.305,8344.192,
253,Kenya,2015,36.168,36.168,100,31.888,31.888,100,44.086,6.307,2.365,13.017,6.914,0.939,1.252,,1.257,7957.08,
254,Kenya,2016,34.113,34.113,100,31.186,31.186,100,43.595,8.963,2.942,15.628,6.857,1.027,1.122,,1.063,9588.076,
255,India,2000,41.128,41.128,100,25.646,25.646,100,39.719,3.267,0.762,15.716,,1.255,0.437,34.155,2.278,,4.536
256,India,2001,43.857,43.857,100,26.931,26.931,100,42.647,3.361,0.53,10.959,,1.531,0.428,25.613,17.171,,4.353
257,India,2002,47.384,47.384,100,28.951,28.951,100,47.052,3.047,0.725,14.926,,1.975,0.465,22.894,26.627,,4.957
258,India,2003,48.73,48.73,100,29.846,29.846,100,50.073,3.342,1.035,20.66,,1.962,0.502,45.331,44.185,1343.114,5.054
259,India,2004,49.133,49.133,100,31.501,31.501,100,52.122,3.719,1.316,24.544,12.433,2.056,0.506,47.6,47.421,,4.871
260,India,2005,50.002,50.002,100,35.261,35.261,100,54.155,3.526,0.979,17.099,13.435,2.243,0.473,57.531,52.545,,5.389
261,India,2006,51.157,51.157,100,38.384,38.384,100,55.136,3.377,0.98,15.927,15.335,2.465,0.422,71.815,58.429,,7.781
262,India,2007,54.436,54.436,100,41.025,41.025,100,57.723,3.334,1.019,16.49,15.211,3.13,0.465,111.877,76.838,,11.469
263,India,2008,59.228,59.228,100,44.375,44.375,100,62.416,3.141,1.14,17.137,17.542,3.576,0.437,96.221,81.325,,7.116
264,India,2009,60.705,60.705,100,44.521,44.521,100,63.441,2.731,0.989,14.117,15.93,3.424,0.402,70.232,73.492,,10.619
265,India,2010,59.586,59.586,100,44.06,44.06,100,62.245,3.085,1.095,15.683,18.323,3.41,0.384,88.56,65.947,,8.341
266,India,2011,62.834,62.834,100,47.794,47.794,100,66.045,3.349,1.076,15.406,18.493,3.338,0.407,70.899,46.389,79339.089,6.296
267,India,2012,63.071,63.071,100,48.74,48.74,100,67.337,3.068,0.979,13.978,18.129,2.887,0.453,58.824,32.637,91066.866,7.591
268,India,2013,63.647,63.647,100,49.791,49.791,100,68.705,3.011,0.988,13.885,16.418,2.557,0.48,62.225,29.884,95039.862,7.186
269,India,2014,64.256,64.256,100,49.79,49.79,100,68.677,2.85,0.753,10.611,16.704,2.525,0.484,65.838,30.967,111527.013,8.45
270,India,2015,64.413,64.413,100,49.794,49.794,100,68.673,2.9,0.308,4.241,17.357,2.398,0.471,70.766,34.593,127659.387,9.262
271,India,2016,66.058,66.058,100,48.815,48.815,100,69.768,2.842,0.471,6.174,17.369,2.417,0.472,67.066,34.238,149329.721,10.766
272,Indonesia,2000,41.073,41.073,100,16.23,16.23,100,40.211,4.899,0.44,9.039,,0.493,0.5,26.513,9.924,,
273,Indonesia,2001,39.789,39.789,100,15.848,15.848,100,40.581,3.728,0.834,20.423,2.03,0.516,0.6,14.007,6.321,3232.867,
274,Indonesia,2002,39.443,39.443,100,16.46,16.46,100,37.918,4.472,1.391,19.717,2.073,0.58,0.648,14.18,5.891,4496.644,
275,Indonesia,2003,37.501,37.501,100,17.7,17.7,100,35.594,5.268,1.769,21.133,2.237,0.641,0.616,18.43,5.572,5600.709,
276,Indonesia,2004,35.476,35.476,100,19.823,19.823,100,34.154,5.878,2.35,24.638,2.551,0.752,0.601,24.346,6.585,5960.172,
277,Indonesia,2005,32.64,32.64,100,20.794,20.794,100,31.94,5.847,1.584,16.214,2.477,0.744,0.557,25.644,8.225,6195.32,
278,Indonesia,2006,31.725,31.725,100,20.724,20.724,100,30.079,6.414,1.716,17.391,2.594,0.882,0.49,30.704,9.548,8310.421,
279,Indonesia,2007,31.237,31.237,100,20.769,20.769,100,28.877,6.092,1.685,16.652,3.017,1.084,0.455,40.321,15.453,9332.718,
280,Indonesia,2008,29.452,29.452,100,21.43,21.43,100,28.15,5.615,1.134,15.497,2.502,0.948,0.439,30.234,16.55,7904.11,
281,Indonesia,2009,29.769,29.769,100,22.351,23.512,95,28.392,6.596,1.899,19.448,2.988,1.016,0.411,28.216,14.472,11495.745,
282,Indonesia,2010,29.888,29.888,100,22.278,24.659,90,27.477,6.842,2.262,21.473,3.411,1.019,0.363,39.878,13.418,13982.872,
283,Indonesia,2011,30.313,30.313,100,24.053,26.797,90,28.404,6.245,2.267,20.058,3.508,1.098,0.368,42.726,11.966,15057.761,
284,Indonesia,2012,31.877,31.877,100,27.156,30.312,90,31.57,5.842,2.311,19.548,3.826,1.19,0.371,43.195,10.404,15899.69,
285,Indonesia,2013,32.832,32.832,100,29.761,33.143,90,34.69,5.232,2.128,17.581,3.945,1.074,0.398,40.382,9.966,12929.691,2.028
286,Indonesia,2014,32.921,32.921,100,30.736,34.038,90,35.83,5.679,2.156,17.354,4.36,1.018,0.431,40.229,9.888,14963.023,2.294
287,Indonesia,2015,33.646,33.646,100,31.48,35.983,87,36.944,5.702,1.752,13.353,4.356,1.102,0.434,42.077,8.993,14505.599,2.367
288,Indonesia,2016,34.383,34.383,100,31.871,37.733,84,38.045,6.391,1.718,11.925,4.662,1.217,0.415,41.807,8.879,17034.717,2.735
289,Singapore,2000,97.766,106.26,92,93.642,103.222,91,113.219,2.182,1.136,10.489,27.416,5.146,0.982,178.617,104.614,,166.755
290,Singapore,2001,103.057,110.671,93,107.927,116.639,93,131.208,0.449,0.557,6.211,37.105,9.021,1.165,146.717,90.824,,190.881
291,Singapore,2002,102.374,108.599,94,107.58,114.467,94,132.833,1.337,0.907,27.012,40.308,7.013,1.406,117.426,72.53,,207.486
292,Singapore,2003,103.461,108.014,96,102.687,107.832,95,128.757,0.147,0.368,12.375,45.502,5.894,1.44,129.292,81.382,,273.457
293,Singapore,2004,97.778,100.695,97,94.945,98.459,96,118.56,3.318,1.999,20.185,44.516,6.001,1.164,161.847,90.928,,294.497
294,Singapore,2005,93.723,96.55,97,88.425,91.877,96,109.318,2.015,1.214,11.003,44.342,5.275,0.934,186.569,89.435,,338.656
295,Singapore,2006,95.982,98.846,97,82.54,85.892,96,102.593,1.867,1.545,13.852,44.487,5.59,0.853,219.158,103.238,,377.289
296,Singapore,2007,96.748,99.895,97,79.104,82.417,96,99.377,1.89,1.27,12.312,43.587,5.723,0.806,259.026,157.809,,430.147
297,Singapore,2008,110.9,114.639,97,93.268,96.973,96,116.86,2.227,1.284,12.916,38.142,5.468,0.905,222.081,173.804,,315.396
298,Singapore,2009,118.528,121.922,97,96.467,99.633,97,122.836,1.935,1.048,9.872,43.763,4.441,0.94,189.872,128.36,,427.77
299,Singapore,2010,113.988,116.791,98,90.875,93.385,97,116.77,1.771,1.29,11.299,41.601,4.162,0.869,242.605,120.672,,414.092
300,Singapore,2011,115.826,118.486,98,98.138,100.667,97,123.682,1.608,1.057,9.639,40.704,4.392,0.848,234.81,109.541,159255.468,380.797
301,Singapore,2012,119.77,122.773,98,108.225,111.086,97,134.426,1.653,1.266,11.792,42.52,4.281,0.847,231.903,91.407,187818.544,440.925
302,Singapore,2013,119.983,123.218,97,117.062,120.067,97,142.819,1.594,1.063,10.542,41.984,4.684,0.827,244.775,87.453,199670.737,472.367
303,Singapore,2014,120.215,123.461,97,125.375,128.42,98,151.507,1.516,0.959,10.15,40.274,5.247,0.809,236.575,75.654,208112.675,591.305
304,Singapore,2015,115.612,118.94,97,123.076,126.138,98,149.437,1.417,0.933,9.687,40.035,5.488,0.796,216.396,62.14,211578.23,605.983
305,Singapore,2016,117.574,120.852,97,123.855,126.856,98,150.297,1.386,0.866,8.831,41.596,5.918,0.771,200.102,60.336,226913.734,623.327
306,China,2000,35.149,35.149,100,104.834,104.834,100,111.519,2.455,0.431,6.458,,0.863,0.604,38.091,61.598,,
307,China,2001,37.135,37.135,100,104.795,104.795,100,113.085,2.077,0.451,8.957,,1.166,0.621,41.64,45.363,,
308,China,2002,39.811,39.811,100,107.82,107.82,100,117.843,4.003,0.649,17.403,,1.702,0.632,33.874,27.128,,
309,China,2003,42.3,42.3,100,113.142,113.142,100,123.478,3.478,0.677,19.361,,0.851,0.626,30.231,21.718,,
310,China,2004,42.777,42.777,100,112.368,112.368,100,122.766,2.155,0.444,8.049,7.346,1.748,0.67,24.694,23.066,5956.624,
311,China,2005,41.739,41.739,100,106.31,106.31,100,116.464,2.661,0.599,19.805,8.114,1.715,0.651,18.74,19.958,8426.061,
312,China,2006,40.973,40.973,100,101.114,101.114,100,110.694,1.838,0.809,15.66,8.985,1.624,0.683,28.057,28.12,11653.668,
313,China,2007,40.469,40.469,100,96.287,96.287,100,105.759,3.627,1.271,19.93,10.722,1.643,0.735,78.448,103.539,20808.805,12.226
314,China,2008,40.416,40.416,100,97.236,97.236,100,106.658,3.232,1.019,18.186,10.507,2.084,0.73,74.271,119.987,27960.671,6.014
315,China,2009,44.807,44.807,100,107.935,107.935,100,117.642,2.283,1.006,18.165,11.688,2.132,0.822,52.402,114.91,37096.16,7.472
316,China,2010,49.066,49.066,100,115.674,115.674,100,125.551,2.731,1.14,20.01,12.358,2.357,0.948,62.422,132.243,42413.444,5.996
317,China,2011,47.814,47.814,100,116.296,116.296,100,125.95,3.176,0.793,13.144,12.422,1.79,0.951,51.084,102.627,56658.573,4.49
318,China,2012,45.658,45.658,100,119.838,119.838,100,129.633,2.679,0.964,15.597,13.644,1.647,0.985,42.213,69.781,76650.343,5.127
319,China,2013,44.737,44.737,100,125.157,125.157,100,135.104,2.976,1.122,17.941,13.899,1.579,1.042,40.429,67.013,98895.517,5.084
320,China,2014,43.886,43.886,100,131.568,131.568,100,141.895,2.84,1.089,16.996,15.713,1.684,1.114,47.907,94.587,125657.787,7.157
321,China,2015,44.802,44.802,100,139.924,139.924,100,152.885,4.073,1.545,22.441,17.859,1.894,1.143,64.104,231.53,146745.744,11.419
322,China,2016,50.846,50.846,100,149.196,149.196,100,168.162,2.286,0.962,13.828,20.264,2.337,1.173,67.602,249.173,159357.104,10.928
323,Japan,2000,219.797,219.797,100,186.508,186.508,100,225.792,1.487,0.088,2.852,64.828,5.27,1.656,80.437,47.321,,8.695
324,Japan,2001,201.885,201.885,100,146.876,185.006,79,189.136,1.228,-0.069,-0.888,65.588,5.16,1.605,58.837,45.328,535081.214,7.861
325,Japan,2002,183.954,183.954,100,105.116,183.656,57,146.93,1.267,-0.694,-15.469,66.409,5.096,1.661,51.755,41.054,586729.099,7.248
326,Japan,2003,185.306,185.306,100,98.887,181.049,55,146.26,1.456,-0.756,-20.768,67.428,5.194,1.633,58.401,47.267,516703.838,7.725
327,Japan,2004,184.425,184.425,100,94.645,175.991,54,146.841,1.389,-0.148,-1.217,68.285,5.351,1.603,69.863,61.854,387820.64,8.164
328,Japan,2005,183.742,183.742,100,94.47,172.053,55,148.461,1.227,0.061,1.124,74.157,5.613,1.58,84.751,81.246,281840.036,9.729
329,Japan,2006,182.909,182.909,100,95.877,170.557,56,151.181,1.138,0.501,10.545,73.864,5.471,1.561,98.962,106.26,,12.58
330,Japan,2007,180.419,180.419,100,94.501,164.161,58,149.159,1.196,0.436,8.278,72.522,5.38,1.498,98.196,132.702,,15.59
331,Japan,2008,187.116,187.116,100,97.934,163.66,60,156.007,1.249,0.279,5.72,69.341,5.445,1.417,80.385,136.887,,11.266
332,Japan,2009,200.412,200.412,100,103.201,168.213,61,173.231,1.13,-0.136,-3.33,70.392,5.988,1.469,64.405,102.147,,12.49
333,Japan,2010,200.178,200.178,100,100.104,161.349,62,177.542,1.119,0.219,5.128,69.001,6.064,1.428,64.611,73.763,,13.639
334,Japan,2011,208.44,208.44,100,100.957,160.555,63,184.162,1.126,0.256,6.217,71.17,6.549,1.501,61.289,73.264,1068565.75,11.958
335,Japan,2012,212.432,212.432,100,100.686,158.312,64,184.909,1.023,0.276,5.544,74.439,6.751,1.533,55.032,61.919,965097.133,17.624
336,Japan,2013,213.906,213.906,100,101.83,158.609,64,182.03,0.887,0.293,5.756,74.441,6.388,1.611,71.474,85.22,867930.465,22.278
337,Japan,2014,217.465,217.465,100,103.427,161.119,64,178.264,0.915,0.313,5.914,76.608,6.839,1.629,88.858,108.542,869084.027,24.04
338,Japan,2015,215.043,215.043,100,101.376,159.35,64,166.879,0.819,0.296,5.589,73.82,6.82,1.626,99.649,112.039,,30.055
339,Japan,2016,218.631,218.631,100,102.566,161.19,64,160.684,0.76,0.255,4.876,74.662,6.009,1.594,105.5,115.931,,29.397
340,Australia,2000,60.894,60.894,100,81.16,81.16,100,85.474,2.538,0.086,1.301,40.319,5.774,3.048,97.78,50.163,,82.355
341,Australia,2001,61.759,61.759,100,82.888,82.888,100,86.182,1.787,-0.444,-8.438,39.977,5.416,3.163,91.79,55.896,263407.725,88.276
342,Australia,2002,63.064,63.064,100,84.284,84.284,100,86.6,1.438,0.424,7.476,38.694,4.7,2.697,94.642,66.587,292622.88,90.284
343,Australia,2003,65.034,65.034,100,89.632,89.632,100,90.679,1.151,1.138,16.237,40.822,3.875,2.652,107.874,79.76,358915.039,111.131
344,Australia,2004,68.014,68.014,100,94.399,94.399,100,95.022,0.588,0.491,10.312,41.128,3.916,2.491,121.907,86.643,442936.375,103.687
345,Australia,2005,69.646,69.646,100,98.528,98.528,100,98.875,3.463,2.079,29.988,41.687,3.539,2.389,117.57,85.967,583888.268,100.961
346,Australia,2006,72.889,72.889,100,104.089,104.089,100,104.289,3.316,1.705,25.257,41.798,3.62,2.288,128.221,99.304,678162.183,115.841
347,Australia,2007,82.087,82.087,100,109.468,115.695,95,109.874,2.264,1.169,17.994,40.838,4.543,2.165,143.971,133.355,1014340.569,139.842
348,Australia,2008,92.004,92.004,100,115.672,127.304,91,116.572,2.021,0.863,13.756,31.956,2.27,2.058,104.158,115.679,1095339.382,79.804
349,Australia,2009,95.611,95.611,100,123.216,133.413,92,125.22,2.027,0.61,9.471,25.277,3.178,2.177,98.001,82.641,867428.773,129.212
350,Australia,2010,92.796,92.796,100,120.831,129.294,93,123.426,2.053,0.911,13.131,24.175,3.136,2.077,129.55,93.328,1017081.539,127.022
351,Australia,2011,94.211,94.211,100,118.866,126.619,94,121.111,2.092,0.938,14.101,22.679,3.134,2.071,101.896,86.276,1437783.991,103.113
352,Australia,2012,98.065,98.065,100,121.106,128.32,94,123.413,1.895,0.795,12.497,23.069,2.875,2.183,85.756,67.91,1426024.236,107.824
353,Australia,2013,93.71,93.71,100,121.101,127.865,95,124.131,1.904,0.814,12.998,23.924,3.071,2.266,87.423,53.822,1482945.643,103.039
354,Australia,2014,89.38,89.38,100,123.379,129.891,95,127.31,1.975,0.883,14.455,24.418,3.891,2.227,85.804,48.139,1681786.338,109.767
355,Australia,2015,102.579,102.579,100,131.144,137.536,95,135.435,1.566,0.777,12.838,24.455,3.561,2.217,87.551,51.583,1517612.539,114.333
356,Australia,2016,104.85,104.85,100,135.034,141.369,96,140.222,1.803,0.604,9.584,19.809,3.031,2.209,95.48,60.083,1532849.39,148.224
