,country,year,swiid_market,swiid_mrkt_bott50,swiid_mrkt_top10,swiid_dsp,swiid_dsp_bott50,swiid_dsp_top10,gini_coeff,s80s20,palma,fin_lib,gfc,fin_dev_prcrdt,fin_dev_dep,gdp_per,trade,pop,infl,gdp_grth,agri,ind,nat_res,edu_exp,edu_prime,edu_sec,edu_ter,life_exp,net_barter,fdi,cap_for,gvt_cs,unemp,curcri,kaopen,civ_lib,exprty,trade_glob,legor_so,legor_ge,bank_prcrdt,all_prcrdt,bank_share_prcrdt,bank_asgdp,fin_dep,bank_share_dep,net_int,bank_roa,bank_roe,bank_con,ins_asset,life_ins,nonlife_ins,stock_mrkt,stock_trade,private_penfunds,mutual_funds,fdi_dollar,equity_dollar
0,Albania,2000,47.601,47.749,49.846,36.983,37.467,34.637,35.207,5.764,1.44,6.208,0,4.742,42.636,1960.882,63.454,3089027,0.05,6.946,24.515,19.396,1.206,2.888,109.125,69.752,15.232,75404.0,108.143,4.109,31.907,9.692,19.028,0,-0.16,5,1,33.253,1,0,4.118,4.118,100,33.811,42.636,100,5.289,2.1,22.51,100.0,,0.002,0.362,,,,,143000000.0,0.0
1,Albania,2001,47.771,47.894,50.216,37.14,37.743,34.889,35.777,5.902,1.488,6.458,0,5.989,42.982,2143.527,66.491,3060173,3.108,8.293,22.716,21.736,0.774,2.91,108.755,72.417,15.492,75639.0,106.965,5.285,36.729,10.626,18.575,0,-0.16,5,1,39.471,1,0,5.063,5.063,100,33.239,42.982,100,3.744,0.716,7.59,100.0,,0.03,0.466,,,,,207300000.0,0.0
2,Albania,2002,47.897,48.064,50.576,37.319,38.054,34.955,36.348,6.044,1.536,6.59,0,6.419,44.694,2247.498,68.525,3051010,7.771,4.537,22.025,23.106,0.766,2.933,107.709,73.946,15.931,75.89,106.837,3.105,36.056,11.335,17.895,0,-0.16,4,1,57.599,1,0,6.031,6.031,100,34.3,44.694,100,3.283,0.679,7.318,94.633,,0.046,0.548,,,,,135000000.0,0.0
3,Albania,2003,48.112,48.589,50.704,37.481,38.173,35.417,36.068,6.002,1.514,7.958,0,7.547,43.495,2380.645,67.021,3039616,0.484,5.529,21.978,24.056,0.766,2.955,107.269,77.61,16.382,76142.0,102.016,3.173,35.894,11.098,16.989,0,-0.16,3,1,58.958,1,0,6.67,6.67,100,34.068,43.495,100,3.675,1.157,13.63,95.53,,0.012,0.51,,,,,178036400.667,0.0
4,Albania,2004,48.324,48.582,50.853,37.543,38.329,35.495,35.788,5.959,1.491,7.948,0,9.549,45.761,2522.449,67.047,3026939,2.28,5.515,20.537,24.666,0.869,2.978,106.635,78.326,19.822,76376.0,100.029,4.75,37.796,11.206,16.31,0,-0.16,3,1,57.292,1,0,8.224,8.224,100,35.908,45.761,100,3.936,0.798,11.059,95.609,1.139,0.015,0.514,,,,,341285112.538,
5,Albania,2005,48.622,49.004,50.683,37.505,38.345,35.532,35.508,5.917,1.469,7.565,0,15.264,48.627,2675.509,70.872,3011487,2.367,5.526,18.845,25.082,1.101,3.0,111.322,82.558,23.539,76621.0,98.961,3.26,37.92,11.031,15.97,0,-0.16,3,1,60.579,1,0,11.964,11.964,100,38.772,48.627,100,4.369,1.615,22.691,94.101,,0.029,0.445,,,,,262479012.637,
6,Albania,2006,48.709,49.189,50.741,37.642,38.638,35.503,35.333,5.796,1.457,7.572,0,22.173,52.663,2851.368,74.267,2992547,2.371,5.903,17.708,25.308,1.379,3.023,109.895,84.665,27.705,76816.0,98.93,3.655,38.07,10.527,15.63,0,-1.234,3,0,70.748,1,0,18.04,18.04,100,44.265,52.663,100,4.683,1.287,18.574,91.03,1.312,0.034,0.456,,,,,325138316.804,
7,Albania,2007,48.893,49.516,50.765,37.662,38.693,35.451,35.158,5.68,1.446,7.462,1,29.964,56.793,3044.897,83.202,2970017,2.933,5.983,17.154,25.34,2.174,3.045,109.893,87.147,32.119,77549.0,98.499,6.109,36.385,10.477,15.97,0,-1.234,3,0,73.539,1,0,24.801,24.801,100,50.53,56.793,100,5.646,1.538,21.635,70.689,1.384,0.04,0.549,,,0.544,,652275603.723,
8,Albania,2008,49.098,49.642,51.272,37.619,38.693,35.669,34.983,5.567,1.435,7.55,1,35.44,56.569,3298.479,77.452,2947314,3.321,7.5,16.837,25.161,1.775,3.068,110.684,89.081,33.415,77653.0,98.179,9.682,33.949,10.379,13.06,0,-1.234,3,0,75.266,1,0,30.997,30.997,100,55.635,56.569,100,4.739,1.472,17.521,73.077,1.437,0.045,0.576,,,1.159,,1247181714.306,23311017.188
9,Albania,2009,49.429,50.034,51.569,37.729,38.762,35.859,34.813,5.556,1.418,7.542,0,38.214,55.681,3432.171,75.095,2927519,2.267,3.354,16.794,24.414,1.048,3.09,108.076,90.313,34.216,77781.0,97.753,11.171,32.709,11.109,13.67,0,-1.234,3,0,73.047,1,0,34.848,35.481,98,59.126,55.681,100,4.33,1.056,10.577,60.862,1.419,0.061,0.587,,,2.183,0.006,1345415233.656,-4130654.013
10,Albania,2010,49.351,49.944,51.861,37.725,38.775,35.981,34.644,5.544,1.402,7.772,0,39.084,58.021,3577.114,76.543,2913021,3.626,3.707,17.956,24.937,1.528,3.113,108.494,93.953,45.003,77936.0,102.269,9.138,28.428,11.157,14.09,0,-0.16,3,0,75.3,1,0,35.459,36.835,96,58.973,58.021,100,4.543,1.052,9.849,54.756,1.455,0.066,0.552,,,2.988,0.009,1089898207.574,6866702.983
11,Albania,2011,49.653,50.23,52.039,37.749,38.776,35.542,34.475,5.533,1.386,8.355,0,41.154,63.995,3678.048,81.219,2905195,3.429,2.545,18.227,24.484,2.898,3.136,109.736,97.444,49.666,78092.0,101.883,8.135,29.366,10.974,13.48,0,-0.16,3,0,75.623,1,0,37.569,39.17,96,61.844,63.995,100,4.448,0.95,8.424,55.264,1.489,0.079,0.49,,,1.441,,1048706682.055,23346397.497
12,Albania,2012,49.778,50.173,51.956,37.667,38.617,35.745,34.305,5.521,1.37,8.298,0,40.804,67.89,3736.34,76.51,2900401,2.032,1.417,18.767,22.919,3.231,3.158,110.606,99.7,59.576,78064.0,103.332,7.451,26.489,10.845,13.38,0,-0.16,3,0,75.622,1,0,38.739,40.44,96,63.511,67.89,100,4.238,0.565,4.754,56.346,1.526,0.065,0.557,,,2.679,1.205,917994575.802,17988019.951
13,Albania,2013,49.908,50.396,51.839,37.852,38.753,35.669,36.386,6.359,1.523,8.17,0,39.787,69.681,3780.699,75.874,2895092,1.938,1.002,19.565,23.061,3.328,3.181,110.929,103.765,65.315,78123.0,102.855,9.816,26.08,11.025,15.87,0,-0.16,3,0,74.85,1,0,38.175,39.925,96,63.402,69.681,100,3.744,0.474,3.919,56.577,1.618,0.07,0.508,,,4.281,3.741,1254150555.513,1699846.161
14,Albania,2014,50.071,50.63,51.89,38.02,38.772,36.028,38.468,7.425,1.7,8.755,0,39.261,69.348,3855.761,75.408,2889104,1.626,1.774,19.99,21.509,3.417,3.152,114.043,104.288,66.826,78407.0,101.142,8.693,24.159,11.452,18.05,0,-0.16,3,1,82.176,1,0,37.18,38.914,96,62.993,69.348,100,3.707,0.694,5.819,59.732,1.752,0.072,0.7,,,5.484,4.568,1149927985.777,33948375.373
15,Albania,2015,50.198,50.705,51.953,37.956,38.589,35.937,37.095,6.638,1.574,8.775,0,37.151,69.051,3952.804,71.801,2880703,1.896,2.219,19.78,21.764,1.735,3.124,113.303,103.085,62.987,78644.0,100.0,8.691,24.413,11.111,17.19,0,-0.16,3,1,80.045,1,0,36.241,37.937,96,61.223,69.051,100,3.389,0.038,0.31,69.445,1.925,0.069,0.832,,,7.396,4.67,989578334.829,8986823.856
16,Albania,2016,50.499,50.999,51.876,37.88,38.546,36.085,37.817,7.061,1.632,8.718,0,36.558,67.888,4090.373,74.81,2876101,1.275,3.315,19.85,21.142,1.058,3.573,110.958,100.22,59.274,78.86,101.077,8.805,24.368,11.269,15.42,0,-0.16,3,1,82.051,1,0,34.609,36.377,95,58.623,67.888,100,3.525,1.01,7.761,71.097,1.998,0.064,0.892,,,10.341,4.456,1044389554.858,-14741264.843
17,North Macedonia,2000,53.076,51.532,56.914,32.267,32.02,31.27,36.007,6.521,1.496,3.57,0,16.955,12.769,3283.379,80.16,2026350,6.607,4.549,10.096,21.406,0.416,4.086,100.818,79.856,23.307,72.946,102.629,5.765,20.428,16.931,32.2,0,-1.234,3,0,54.248,1,0,17.312,17.312,100,19.178,12.769,100,5.601,0.596,3.184,79.648,,0.036,2.312,0.182,1.86,,,217507099.158,
18,North Macedonia,2001,53.604,52.221,56.878,32.697,32.514,31.404,28.076,3.615,1.03,3.57,0,16.304,18.965,3169.325,71.478,2034882,5.199,-3.067,9.745,20.587,0.24,3.677,99.157,81.199,24.589,73.437,101.678,12.658,22.129,23.832,30.52,0,-1.234,3,0,58.771,1,0,16.615,16.615,100,19.883,18.965,100,4.7,-1.021,-5.758,80.858,,0.036,2.047,0.708,2.22,,,469570706.398,
19,North Macedonia,2002,54.025,52.97,56.625,33.19,32.995,31.969,39.021,7.305,1.76,5.07,0,16.669,22.333,3240.111,71.533,2020157,2.315,1.494,10.17,19.378,0.249,3.269,95.977,81.405,26.691,73.039,100.736,2.842,21.422,20.752,31.94,0,-0.033,4,0,58.881,1,0,16.396,16.396,100,19.818,22.333,100,4.94,0.323,1.843,79.231,,0.042,1.79,2.882,0.982,,,114193471.419,44255.0
20,North Macedonia,2003,54.581,53.539,57.083,33.805,33.509,32.526,39.164,7.31,1.775,7.06,0,17.556,22.284,3301.314,71.069,2026773,0.856,2.223,11.539,22.488,0.284,3.269,93.637,82.107,26.967,73.241,99.102,2.407,20.193,18.079,36.69,0,-0.033,3,1,58.789,1,0,16.771,16.771,100,19.823,22.284,100,5.668,1.494,8.058,79.927,,0.039,1.611,5.821,0.456,,,119041753.232,2740980.1
21,North Macedonia,2004,55.02,54.004,57.683,34.304,34.022,32.809,38.937,7.268,1.758,6.9,0,20.884,25.596,3445.808,80.87,2032544,-0.449,4.674,11.554,21.038,0.53,3.269,91.927,82.122,27.425,73.598,98.547,5.44,21.327,17.405,37.16,0,-0.033,3,1,56.004,1,0,18.738,18.738,100,21.457,25.596,100,5.461,1.699,9.5,79.822,,0.038,1.567,7.14,0.398,,,309137638.54,13021819.69
22,North Macedonia,2005,55.191,54.275,57.918,35.016,34.726,33.501,39.656,7.788,1.803,7.37,0,23.332,27.839,3600.954,85.841,2036855,0.526,4.724,9.736,20.362,0.472,3.269,91.206,82.334,29.053,73.698,97.812,2.322,19.171,16.185,37.32,0,-0.033,3,1,67.645,1,0,21.012,21.012,100,23.627,27.839,100,5.07,1.409,8.684,77.074,,0.036,1.443,8.458,1.037,,,145329601.532,53820725.4
23,North Macedonia,2006,55.507,54.643,57.989,35.353,35.003,34.009,42.058,8.77,2.065,7.425,0,28.014,31.721,3779.677,92.552,2040228,3.214,5.137,8.989,21.663,2.226,3.269,89.546,,28.593,73.895,97.008,6.23,20.183,16.511,36.03,0,-0.033,3,1,61.625,1,0,24.643,24.643,100,27.962,31.721,100,4.733,1.968,13.222,75.249,,0.035,1.419,12.846,2.15,,,427444589.269,86323072.293
24,North Macedonia,2007,55.695,54.874,57.777,35.382,34.924,34.551,43.328,9.06,2.215,7.442,1,34.961,36.224,4017.794,106.093,2043559,2.252,6.473,8.932,20.581,5.565,3.269,88.89,81.953,34.561,73.8,97.201,8.798,22.754,16.803,35.23,0,-0.033,3,1,68.179,1,0,29.317,29.317,100,32.949,36.224,100,5.896,2.261,16.527,73.672,,0.046,1.407,23.009,4.216,75.025,,733466879.0,169834037.764
25,North Macedonia,2008,55.73,54.984,57.482,35.551,35.143,34.869,44.598,9.36,2.375,7.413,1,42.127,40.596,4230.735,111.57,2046898,8.332,5.472,11.444,19.533,0.95,3.269,83.642,81.336,39.139,74.4,94.837,6.173,25.839,18.583,33.93,0,-0.033,3,1,65.086,1,0,36.932,36.932,100,39.795,40.596,100,5.305,1.521,11.577,72.759,3.091,0.064,1.307,19.403,3.62,115.631,,611688378.606,-49354975.81
26,North Macedonia,2009,55.922,55.28,57.527,35.609,35.167,35.378,42.894,9.237,2.177,7.425,0,43.46,42.539,4207.807,87.177,2050671,-0.74,-0.359,10.37,18.973,0.786,3.269,82.766,80.61,39.421,74.446,98.507,2.76,24.636,19.076,32.35,0,-0.033,3,1,65.59,1,0,42.539,42.539,100,45.353,42.539,100,5.192,0.814,6.365,74.936,2.943,0.073,1.239,9.008,1.103,205.119,,259530321.486,-14024882.134
27,North Macedonia,2010,55.936,55.174,57.593,35.459,34.968,35.656,41.189,9.112,1.992,7.402,0,44.225,43.819,4339.966,97.881,2055004,1.51,3.359,10.121,21.042,1.481,3.269,82.344,81.19,37.721,74.998,95.387,3.204,23.142,18.291,33.13,0,-0.033,3,0,65.854,1,0,43.138,43.138,100,46.8,43.819,100,4.462,0.982,8.246,73.184,2.739,0.081,1.235,8.139,0.502,269.758,,301441681.708,-4035418.283
28,North Macedonia,2011,55.952,55.148,57.796,35.009,34.6,35.404,39.435,9.573,1.786,7.39,0,44.852,46.176,4433.889,113.192,2058539,3.905,2.34,9.351,21.592,1.319,3.269,,,,75.1,88.793,4.84,23.622,18.12,31.5,0,-0.033,3,0,69.078,1,0,44.201,44.201,100,48.107,46.176,100,4.309,0.386,3.31,70.986,2.786,0.107,1.211,6.1,0.428,339.566,,507920732.789,-8118861.738
29,North Macedonia,2012,55.773,54.933,57.444,34.49,34.113,34.845,38.837,8.572,1.718,7.453,0,47.174,48.456,4408.298,112.215,2061044,3.316,-0.456,9.105,21.081,1.174,3.269,84.892,79.886,39.675,74.902,89.493,3.467,23.446,18.648,31.2,0,-0.033,3,0,68.765,1,0,46.738,46.861,100,52.074,48.456,100,4.772,0.554,4.592,68.244,2.8,0.128,1.232,5.66,0.407,457.349,,337911248.193,-6447658.914
30,North Macedonia,2013,55.721,54.9,57.135,34.007,33.612,34.383,37.613,7.472,1.604,7.472,0,46.663,46.466,4530.684,104.857,2064032,2.785,2.925,10.027,22.14,1.129,3.269,90.288,77.373,38.575,75.4,91.501,3.72,23.784,17.505,29.14,0,-0.033,3,0,69.006,1,0,45.931,46.194,99,53.171,46.466,100,4.744,0.821,6.645,67.803,2.766,0.145,1.15,,,608.074,,402458309.806,-687297.19
31,North Macedonia,2014,55.544,54.721,57.07,33.501,33.1,34.24,36.158,6.692,1.479,7.565,0,49.448,46.527,4687.298,112.538,2067471,-0.282,3.629,10.178,22.823,1.186,3.269,92.243,76.078,38.781,75.451,93.868,0.536,23.491,17.112,28.38,0,-0.033,3,0,71.645,1,0,46.971,47.622,99,54.037,46.527,100,4.265,0.858,6.946,66.7,3.101,0.168,1.135,,,664.201,,60879915.451,-4025006.51
32,North Macedonia,2015,55.529,54.434,57.063,33.044,32.591,33.34,35.246,6.347,1.405,7.592,0,51.053,47.445,4861.556,113.698,2070226,-0.3,3.856,9.727,23.922,0.935,3.269,95.641,76.698,41.061,75.402,100.0,2.947,23.907,16.976,26.43,0,-0.033,3,0,71.353,1,0,48.71,49.657,98,55.371,47.445,100,4.166,1.144,9.251,65.821,3.142,0.197,1.144,,,723.775,0.516,296604200.381,-9373843.702
33,North Macedonia,2016,55.256,54.267,56.79,32.541,32.123,32.681,35.119,6.326,1.396,7.592,0,48.12,47.426,4994.561,116.185,2072490,-0.239,2.848,9.173,23.963,0.866,3.269,,,,75.4,99.412,5.148,24.444,15.43,24.3,0,-0.033,3,0,71.602,1,0,47.901,48.802,98,54.263,47.426,100,4.155,1.542,12.29,64.775,3.107,0.216,1.091,,,841.459,0.609,549371101.551,-7621115.072
34,Serbia,2000,48.786,48.676,49.794,32.089,32.285,32.168,32.086,4.259,1.255,5.72,0,45.701,7.338,3193.259,22.492,7516346,71.121,6.132,17.07,35.293,2.333,4.39,98.148,86.901,,71.583,,0.412,12.202,19.342,12.6,1,,0,1,44.03,0,1,24.843,24.843,100,31.175,7.338,100,0.578,0.616,4.898,88.48,,0.011,1.919,,0.162,,,,
35,Serbia,2001,49.437,49.37,50.354,32.815,33.052,32.556,28.076,3.615,1.03,5.72,0,31.388,9.562,3418.79,56.548,7503433,95.005,6.879,14.653,32.884,1.502,4.39,102.13,89.08,37.664,72.234,,1.066,12.203,21.506,12.8,0,,0,1,44.18,0,1,28.434,28.434,100,32.585,9.562,100,2.34,-0.158,-1.647,64.694,,0.019,2.115,,0.432,,,,
36,Serbia,2002,50.11,50.139,50.981,33.441,33.659,33.424,29.89,4.049,1.113,5.72,0,16.179,11.812,3640.275,56.866,7496522,19.491,6.38,9.767,31.726,0.629,4.39,101.537,88.0,35.624,72.285,,2.648,15.118,24.047,13.8,0,,0,0,44.416,0,1,20.758,20.758,100,21.371,11.812,100,6.324,-4.79,-25.671,55.358,3.011,0.025,2.015,,0.653,,,,
37,Serbia,2003,50.432,50.38,51.395,34.141,34.475,33.559,31.704,4.574,1.206,5.72,0,17.78,14.136,3808.094,61.17,7480591,9.876,4.388,8.085,30.002,0.536,4.39,100.548,87.444,39.54,72.437,,5.517,17.147,24.187,15.2,0,,0,0,44.596,0,1,15.664,15.664,100,16.982,14.136,100,8.147,1.493,6.381,52.896,2.835,0.073,1.82,6.461,1.595,,,,
38,Serbia,2004,50.716,50.526,51.661,34.624,34.854,34.129,33.518,5.225,1.31,5.72,0,21.841,16.149,4161.595,74.23,7463157,11.026,9.028,8.53,30.282,1.754,4.39,100.697,87.024,40.923,72.683,,3.387,19.541,22.634,18.5,0,,0,0,58.749,0,1,18.236,18.236,100,20.369,16.149,100,7.088,-1.946,-9.058,42.374,2.018,0.105,1.312,9.193,2.017,,,,
39,Serbia,2005,50.668,50.502,51.728,34.874,35.078,34.336,35.332,6.052,1.429,7.148,0,27.856,19.108,4404.96,73.017,7440769,16.12,5.53,6.739,29.141,1.243,4.39,101.391,87.723,44.03,72.834,,6.59,19.437,19.512,20.85,0,,0,0,61.741,0,1,22.9,22.9,100,25.313,19.108,100,7.534,0.591,3.112,44.979,2.512,0.165,1.618,18.4,2.006,,,,
40,Serbia,2006,49.989,49.814,50.802,34.545,34.689,34.311,37.146,7.137,1.564,7.098,0,27.863,23.431,4648.197,76.908,7411569,11.724,5.108,6.818,28.737,1.501,4.39,100.228,88.038,46.549,73.385,,13.495,21.201,20.389,20.85,0,,0,0,61.933,0,1,26.082,26.082,100,28.191,23.431,100,8.385,1.832,9.595,41.745,2.572,0.177,1.499,37.391,3.778,,,,
41,Serbia,2007,50.197,50.127,50.594,33.981,34.088,34.021,36.489,6.856,1.508,7.498,1,34.077,28.696,4967.62,75.605,7381579,6.392,6.44,6.119,28.201,1.554,4.39,98.93,88.611,47.68,73.632,,10.246,23.77,20.736,18.06,0,,2,0,63.323,0,1,28.747,28.747,100,30.31,28.696,100,7.834,1.859,8.899,40.106,2.798,0.21,1.498,58.327,6.057,56.895,,4423192680.119,764179165.456
42,Serbia,2008,50.338,50.267,50.699,33.421,33.471,33.697,35.831,6.592,1.454,7.358,1,39.01,31.524,5270.958,78.679,7350222,12.411,5.656,7.445,27.608,2.851,4.65,99.425,89.454,48.199,73.885,95.304,7.771,23.707,20.125,13.7,0,,2,0,64.021,0,1,34.468,34.468,100,35.896,31.524,100,7.84,1.614,7.108,39.929,2.916,0.231,1.48,48.577,4.664,74.113,,4055798181.801,-54673162.36
43,Serbia,2009,50.568,50.454,50.688,33.367,33.364,33.812,35.173,6.345,1.402,7.188,0,42.55,35.098,5147.569,66.022,7320807,8.117,-2.732,7.201,24.902,1.294,4.7,97.878,90.622,49.076,73.985,98.148,6.486,18.694,19.514,16.14,0,,2,0,66.221,0,1,40.597,40.597,100,44.322,35.098,100,6.964,0.744,3.357,38.358,3.25,0.274,1.404,32.241,2.002,108.235,,2929226709.603,23051033.696
44,Serbia,2010,50.908,50.786,50.631,33.407,33.347,33.834,34.515,6.112,1.352,6.882,0,50.008,38.273,5206.087,76.731,7291436,6.143,0.731,6.602,25.287,2.511,4.58,96.909,90.462,48.491,74.337,97.879,4.049,17.676,19.139,19.22,0,,2,0,71.361,0,1,44.706,44.706,100,51.964,38.273,100,5.667,0.795,4.009,35.527,3.602,0.305,1.36,3.686,0.553,125.027,,1693250318.851,84429250.248
45,Serbia,2011,51.05,50.9,50.872,33.651,33.61,33.859,35.253,6.271,1.412,6.805,0,47.563,39.401,5354.2,78.809,7234099,11.137,2.036,7.445,26.661,3.35,4.48,96.304,90.275,49.912,74.537,97.067,10.01,17.507,18.942,22.97,0,,2,0,70.848,0,1,47.271,47.271,100,56.299,39.401,100,5.401,0.858,4.355,37.94,3.48,0.293,1.213,9.34,0.787,154.493,,4930532020.146,69354681.723
46,Serbia,2012,51.339,51.17,51.647,34.079,34.131,34.224,35.99,6.436,1.474,6.6,0,49.509,40.295,5343.579,85.471,7199077,7.33,-0.682,6.435,27.006,2.775,4.196,101.055,93.033,52.851,74.837,96.638,2.945,20.206,18.974,24.0,0,,2,0,71.866,0,1,47.374,47.374,100,57.799,40.295,100,4.974,0.593,2.91,39.798,3.688,0.331,1.209,17.734,0.695,189.913,,1275339755.628,-23873824.102
47,Serbia,2013,51.635,51.534,51.818,34.224,34.239,34.504,36.728,6.608,1.539,6.652,0,43.566,40.017,5524.968,87.92,7164132,7.694,2.893,7.414,26.84,2.06,4.1,100.484,93.556,55.713,75.185,95.951,4.255,16.474,17.898,22.15,0,,2,0,70.905,0,1,45.004,45.004,100,56.662,40.017,100,5.376,-0.422,-2.047,42.732,3.586,0.363,1.118,,,237.544,0.131,2059297316.504,-40785007.822
48,Serbia,2014,51.556,51.611,51.548,34.25,34.434,34.124,35.952,6.315,1.475,6.583,0,43.426,41.994,5462.735,92.231,7130576,2.082,-1.59,7.066,25.237,1.894,4.005,100.391,93.54,57.623,75.337,95.924,4.249,15.95,18.053,19.22,0,,2,0,73.554,0,1,43.69,43.69,100,58.248,41.994,100,4.746,-0.203,-0.978,45.212,4.036,0.409,1.188,,,237.818,0.228,1999539187.457,-21637100.389
49,Serbia,2015,51.168,51.259,50.963,33.816,33.974,33.687,35.175,6.043,1.415,6.978,0,43.374,43.422,5588.979,97.396,7095383,1.392,1.806,6.714,25.797,1.277,3.896,100.2,95.924,57.937,75.288,100.0,5.909,16.971,16.412,17.66,0,,2,0,72.748,0,1,42.94,42.94,100,60.359,43.422,100,4.014,0.184,0.862,56.16,4.445,0.479,1.333,,,260.268,0.397,2343139735.748,-90084036.251
50,Serbia,2016,50.894,50.846,50.89,33.283,33.414,33.31,34.399,5.788,1.357,7.038,0,43.443,,5805.898,101.86,7058322,1.122,3.339,6.811,25.82,1.172,3.724,99.731,95.75,61.425,75.688,101.544,5.788,17.06,15.998,15.26,0,,2,0,72.713,0,1,,,,,,,5.115,0.72,3.418,50.27,4.761,0.551,1.369,,,280.533,0.466,2355214636.942,-14037698.153
51,Montenegro,2000,,,,,,,32.086,4.259,1.255,5.36,0,,,4431.598,87.925,604950,71.121,3.1,11.302,21.259,0.0,,,,15.9,73.818,,0.412,16.874,21.935,28.803,1,,0,1,53.813,0,1,,,,,,,,,,,,,,,,,,,
52,Montenegro,2001,,,,,,,28.076,3.615,1.03,5.36,0,,,4462.348,100.409,607389,95.005,1.1,10.811,22.314,0.0,,,,16.388,74.069,,1.066,17.503,25.171,29.012,0,,0,1,53.981,0,1,,,,,,,,,,,,,,,,,,,
53,Montenegro,2002,,,,,,,29.316,3.908,1.084,5.36,0,8.055,11.126,4529.121,95.229,609828,19.491,1.904,10.924,21.595,0.0,,,,15.474,73.906,,2.648,14.622,24.861,29.336,0,,0,0,54.29,0,1,7.953,7.953,100,10.678,11.126,100,,,,,,,,,,,,,
54,Montenegro,2003,,,,,,,30.555,4.241,1.143,5.36,0,11.294,11.012,4623.074,77.598,612267,9.876,2.483,9.915,19.329,0.074,,102.509,88.135,16.206,73.932,,5.517,13.299,26.765,29.66,0,,0,0,54.543,0,1,9.223,9.223,100,12.132,11.012,100,15.45,4.005,19.175,82.71,,,,,,,,,
55,Montenegro,2004,,,,,,,31.794,4.623,1.206,5.36,0,14.628,13.334,4819.146,100.11,613353,11.026,4.426,9.262,18.973,0.255,,103.43,89.037,18.885,74.564,,3.387,17.132,26.305,30.028,0,,0,0,74.267,0,1,14.616,14.616,100,17.967,13.334,100,8.132,2.396,12.226,71.244,,,,,,,,,
56,Montenegro,2005,48.0,48.766,45.676,37.992,37.439,37.641,33.033,5.064,1.274,7.408,0,17.952,17.274,5013.194,104.625,614261,16.12,4.181,8.758,17.342,0.642,,107.509,90.856,21.474,73.983,,6.59,17.98,29.941,30.31,0,,0,0,69.419,0,1,15.647,15.647,100,18.988,17.274,100,5.68,0.353,2.224,75.4,,,,,,,,,
57,Montenegro,2006,48.208,48.991,45.794,38.096,37.702,37.376,32.853,5.111,1.25,7.677,0,35.957,29.889,5435.884,117.995,615025,11.724,8.566,8.211,17.683,1.024,,111.652,92.41,25.561,73.839,,13.495,22.819,19.108,24.966,0,,0,0,77.42,0,1,25.393,25.393,100,28.741,29.889,100,4.135,0.637,5.463,70.741,,,,52.094,7.261,,,,
58,Montenegro,2007,48.539,49.32,46.246,38.072,37.732,37.172,33.905,5.356,1.339,8.035,1,80.002,48.75,5798.062,128.746,615875,6.392,6.81,7.229,17.003,0.953,,115.356,93.279,32.695,74.339,,25.467,32.879,19.882,19.4,0,,3,0,78.498,0,1,53.28,53.28,100,55.985,48.75,100,3.802,0.46,5.622,68.633,,,,75.148,9.295,,,937357714.73,3503250.981
59,Montenegro,2008,48.86,49.721,46.158,38.151,37.628,37.875,33.212,5.097,1.296,7.98,1,86.523,54.847,6205.818,132.34,616969,8.759,7.223,7.44,17.695,1.503,,118.4,93.525,40.454,75.137,,21.455,39.216,22.218,17.15,0,,3,0,87.02,0,1,78.407,78.407,100,80.59,54.847,100,3.34,-0.321,-4.198,80.03,,,,74.653,5.276,,,975271781.797,-6165942.937
60,Montenegro,2009,49.106,49.994,46.569,38.172,37.691,37.685,33.581,5.222,1.323,7.908,0,76.207,50.856,5833.657,99.425,618294,3.467,-5.795,8.268,17.349,0.377,,112.229,95.892,48.994,75.144,,37.272,27.349,21.861,19.09,0,,3,0,86.991,0,1,83.215,83.215,100,86.854,50.856,100,4.315,0.327,3.511,75.345,,,,84.359,5.134,,,1550285725.392,-5104780.784
61,Montenegro,2010,49.438,50.261,46.915,38.136,37.855,37.472,31.98,4.862,1.208,7.873,0,66.472,46.79,5982.196,99.78,619428,0.655,2.734,7.678,17.148,1.138,,106.683,98.661,52.743,75.99,,18.302,21.642,22.093,19.65,0,,2,0,79.885,0,1,69.535,69.535,100,74.349,46.79,100,4.226,-4.342,-41.22,72.034,,,,77.505,1.068,,,758254398.557,-7837227.205
62,Montenegro,2011,49.754,50.612,47.189,38.062,37.788,37.317,33.455,5.243,1.311,7.788,0,55.294,46.4,6168.845,106.659,620079,3.45,3.228,8.073,15.094,1.444,,96.423,91.847,57.017,75.983,,12.249,19.511,21.063,19.76,0,,2,0,77.739,0,1,60.114,60.114,100,66.11,46.4,100,4.783,-0.246,-2.317,61.454,,,,76.772,1.367,,,556662007.527,-15102198.349
63,Montenegro,2012,50.077,50.923,47.401,38.044,37.704,37.595,36.154,6.191,1.509,7.745,0,55.06,49.658,5995.772,111.766,620601,4.145,-2.724,7.452,14.891,0.935,,97.363,91.334,57.581,76.2,,15.122,19.75,21.095,19.81,0,,2,0,81.525,0,1,56.346,56.346,100,63.142,49.658,100,4.793,-2.104,-18.827,60.049,,,,86.646,1.42,,,618126498.734,-308220.078
64,Montenegro,2013,50.411,51.214,47.914,37.891,37.594,37.34,38.854,7.456,1.75,8.248,0,53.049,49.577,6202.504,102.771,621207,2.206,3.549,8.035,15.457,0.673,,,,56.995,76.49,,9.997,20.167,19.477,19.59,0,,2,0,81.538,0,1,52.733,52.733,100,59.306,49.577,100,4.803,-0.082,-0.651,58.251,,,,,,,,446456998.007,14168637.702
65,Montenegro,2014,50.662,51.453,48.535,37.628,37.206,37.486,37.312,6.728,1.597,7.785,0,51.386,51.342,6307.016,100.128,621810,-0.711,1.784,8.1,14.304,0.781,,,,59.462,76.441,,10.819,19.003,19.373,18.05,0,,2,0,87.653,0,1,51.246,51.246,100,58.509,51.342,100,4.391,0.734,5.258,55.553,,,,,,,,496993506.51,16163985.981
66,Montenegro,2015,50.974,51.749,48.459,37.172,36.759,37.141,37.11,6.792,1.579,7.592,0,49.801,54.395,6517.19,102.689,622159,1.549,3.39,8.061,14.353,0.731,,98.48,91.186,60.335,76.449,,17.26,20.147,19.196,17.55,0,,2,0,85.452,0,1,49.44,49.44,100,58.015,54.395,100,4.338,-0.39,-2.82,51.957,,,,,,,,699855695.332,10429716.018
67,Montenegro,2016,51.093,51.958,48.393,37.024,36.521,36.992,37.049,6.59,1.572,7.212,0,48.875,55.004,6707.847,103.673,622303,-0.271,2.949,7.468,15.655,0.838,,97.709,90.071,56.302,76.441,,5.179,24.745,19.612,17.73,0,,3,0,85.868,0,1,46.97,46.97,100,57.749,55.004,100,4.314,0.047,0.355,48.909,,,,,,,,226702405.905,16990886.77
68,Bosnia and Herzegovina,2000,,,,,,,32.086,4.259,1.255,6.7,0,37.369,5.545,2554.565,85.358,4179350,5.0,12.765,9.001,21.537,1.256,,,,15.81,74496.0,95.689,2.624,30.528,24.602,26.189,0,0.856,5,0,29.714,1,0,36.349,36.349,100,36.434,5.545,100,6.355,0.716,3.911,52.746,,0.169,1.78,,,,,146075610.877,
69,Bosnia and Herzegovina,2001,46.169,46.261,45.907,37.795,37.476,38.05,32.766,4.87,1.282,8.41,0,26.153,13.042,2606.751,86.036,4194932,3.2,2.423,9.121,20.938,1.321,,,,17.206,75.06,95.443,2.043,28.413,23.405,26.537,0,2.311,4,0,42.892,1,0,30.538,30.538,100,30.705,13.042,100,6.078,-1.886,3.343,56.884,,0.145,1.656,,,,,118495219.813,
70,Bosnia and Herzegovina,2002,46.405,46.59,45.943,38.213,37.927,38.416,33.793,5.204,1.342,8.41,0,30.335,19.875,2735.536,78.727,4198410,0.3,5.027,8.874,19.815,0.877,,,,17.409,74612.0,96.543,3.98,28.316,23.437,27.554,0,2.311,4,0,43.779,1,0,27.229,27.229,100,27.567,19.875,100,6.486,0.598,4.942,51.074,,0.138,1.788,,,,,267769568.957,
71,Bosnia and Herzegovina,2003,46.543,46.802,46.192,38.437,38.085,38.577,34.819,5.573,1.407,8.615,0,34.722,22.246,2851.274,80.569,4183757,0.5,3.867,8.105,19.82,0.824,,,,19.217,75782.0,97.455,4.492,27.154,22.799,28.371,0,1.109,4,0,43.901,1,0,32.045,32.045,100,32.412,22.246,100,6.014,1.201,9.595,53.819,,0.137,1.543,,,,,381784637.391,
72,Bosnia and Herzegovina,2004,46.547,46.731,46.463,38.774,38.526,38.469,35.846,5.984,1.476,8.455,0,36.886,27.797,3061.552,81.813,4142860,0.3,6.325,8.583,20.233,1.706,,,,21.41,76133.0,97.455,8.759,26.293,21.906,29.393,0,0.856,4,0,49.433,1,0,35.242,35.242,100,35.515,27.797,100,5.104,0.803,7.001,60.985,,0.175,1.426,,,,,889597294.549,
73,Bosnia and Herzegovina,2005,46.722,46.969,46.265,39.115,38.811,38.779,35.597,5.934,1.453,7.5,0,42.075,29.248,3218.595,84.355,4094297,3.6,3.897,8.297,21.433,1.83,,,,24.665,75.42,97.403,5.558,28.664,21.656,30.136,0,0.856,3,0,47.164,1,0,37.571,37.571,100,37.84,29.248,100,4.829,0.791,7.591,52.246,,0.175,1.473,14.533,,,,623812851.559,
74,Bosnia and Herzegovina,2006,46.722,47.08,45.967,39.161,38.745,38.704,35.348,5.884,1.431,7.52,0,42.556,33.492,3423.125,79.83,4058086,6.1,5.414,8.054,21.03,1.644,,,,27.672,76247.0,100.473,6.576,22.731,20.975,31.11,0,0.856,3,0,70.657,1,0,42.379,44.974,94,43.294,33.492,100,4.705,1.058,10.585,53.915,4.058,0.189,1.345,25.872,,,7.745,845962876.36,
75,Bosnia and Herzegovina,2007,46.843,47.0,45.993,39.29,38.726,38.594,35.099,5.835,1.408,7.515,1,49.276,36.413,3669.018,83.552,4007876,1.5,5.857,7.705,21.772,2.125,,110.146,81.036,31.39,76161.0,99.373,11.674,26.804,21.08,28.98,0,0.856,3,0,71.628,1,0,45.95,53.568,86,47.51,36.413,100,4.731,0.992,10.502,49.741,4.334,0.232,1.324,35.549,,,7.843,1841972230.252,0.0
76,Bosnia and Herzegovina,2008,46.658,46.881,46.104,39.185,38.768,38.732,35.093,5.84,1.409,7.515,1,53.121,36.702,3932.016,86.163,3943392,7.4,5.444,7.207,23.201,3.638,,107.445,85.068,34.592,76838.0,97.501,5.257,28.77,22.081,23.41,0,2.057,3,0,74.622,1,0,51.866,63.097,82,53.689,36.702,100,4.149,0.472,4.948,56.224,3.983,0.251,1.307,24.234,,,4.884,1004852659.853,0.0
77,Bosnia and Herzegovina,2009,46.668,47.018,45.817,39.34,38.853,38.878,35.088,5.846,1.409,7.45,0,52.8,38.107,3878.441,73.747,3877750,-0.4,-3.004,7.077,22.908,1.459,,108.245,86.345,36.372,76976.0,97.55,0.786,23.706,23.462,24.07,0,1.109,3,0,75.253,1,0,56.135,68.111,82,58.42,38.107,100,4.263,0.241,2.324,55.972,4.332,0.267,1.337,15.489,,,3.569,138511019.728,0.0
78,Bosnia and Herzegovina,2010,46.665,47.104,45.519,39.308,38.758,38.606,35.082,5.851,1.409,7.742,0,52.789,39.973,3980.443,80.968,3811088,2.1,0.866,6.797,22.454,2.722,,88.576,83.717,37.245,77073.0,99.016,2.584,20.76,23.127,27.31,0,1.109,3,0,76.241,1,0,54.867,64.907,85,57.687,39.973,100,4.433,-0.552,-4.867,49.144,4.26,0.286,1.364,15.592,,,3.59,443840207.093,0.0
79,Bosnia and Herzegovina,2011,46.72,47.147,45.39,39.298,38.686,38.468,35.077,5.856,1.409,7.805,0,53.131,43.191,4091.583,87.836,3743142,4.0,0.96,6.758,22.193,3.526,,88.97,84.514,39.776,77007.0,99.169,2.53,21.977,23.09,27.58,0,1.109,3,0,77.896,1,0,53.822,61.97,87,57.798,43.191,100,4.764,0.715,5.552,47.566,4.441,0.298,1.36,13.542,,,3.155,471610992.221,0.0
80,Bosnia and Herzegovina,2012,46.805,47.329,45.396,39.192,38.528,38.447,35.077,5.856,1.409,7.595,0,54.714,46.947,4133.904,88.145,3674374,2.1,-0.822,6.138,21.623,2.221,,89.023,85.376,41.876,77191.0,96.736,2.275,21.867,23.365,28.01,0,-0.219,3,0,77.309,1,0,54.148,61.391,88,59.68,46.947,100,4.733,0.84,5.967,44.648,4.758,0.312,1.367,,,,,391976946.375,56386.322
81,Bosnia and Herzegovina,2013,46.649,47.189,45.197,39.144,38.518,38.355,35.077,5.856,1.409,7.433,0,54.857,48.664,4297.494,87.931,3617559,-0.1,2.35,6.841,22.324,1.762,,88.871,84.73,47.263,76.33,96.09,1.723,21.024,22.826,27.49,0,-0.473,3,0,77.57,1,0,54.297,60.72,89,60.767,48.664,100,4.649,-0.134,-0.927,43.745,4.971,0.353,1.361,,,,2.895,313295008.332,-826829.069
82,Bosnia and Herzegovina,2014,46.751,47.255,45.236,39.107,38.456,38.319,35.077,5.856,1.409,7.382,0,54.661,51.178,4403.675,90.552,3571068,-0.9,1.154,5.951,22.156,1.236,,89.468,84.601,48.985,75659.0,96.267,2.936,22.894,22.861,27.52,0,-0.726,3,0,81.554,1,0,54.27,59.983,90,61.831,51.178,100,4.226,0.624,4.3,43.911,5.312,0.406,1.436,,,,2.96,544866345.457,-5702462.487
83,Bosnia and Herzegovina,2015,46.742,47.49,44.929,39.08,38.418,38.527,35.077,5.856,1.409,7.488,0,53.621,52.416,4654.61,88.292,3524324,-1.0,4.315,6.038,21.726,1.019,,91.17,83.07,48.623,76182.0,100.0,2.335,20.875,21.97,27.69,0,-0.98,3,0,76.134,1,0,52.975,58.155,91,61.478,52.416,100,4.188,0.15,3.786,44.617,5.456,0.42,1.447,,,,2.919,383089615.729,2244585.969
84,Bosnia and Herzegovina,2016,,,,,,,35.077,5.856,1.409,7.453,0,53.175,53.82,4865.352,88.244,3480986,-1.6,3.242,6.166,22.344,1.047,,90.998,82.961,48.668,76808.0,100.492,1.83,20.47,20.909,25.41,0,-1.234,3,0,74.985,1,0,52.055,56.797,92,60.583,53.82,100,3.79,0.626,4.366,38.971,5.616,0.436,1.531,,,,2.733,313198153.359,2647785.572
85,Croatia,2000,43.036,42.801,43.229,27.253,26.533,26.935,31.365,4.232,1.208,6.797,0,,32.401,8876.89,74.551,4468302,4.611,2.959,4.969,24.209,1.082,3.49,,,,72.808,99.805,4.587,19.917,22.178,16.06,0,-0.16,4,0,66.468,1,0,30.607,30.607,100,42.224,32.401,100,4.301,1.517,12.899,57.827,4.766,0.426,1.771,11.315,0.567,,0.737,1015069996.973,-89305.305
86,Croatia,2001,43.098,42.915,43.051,26.786,26.137,26.579,31.157,4.24,1.186,7.01,0,35.93,42.23,9512.227,79.407,4299642,3.777,3.112,4.964,23.809,1.008,3.49,101.514,94.775,36.374,74.513,98.588,4.495,20.414,20.142,15.82,0,-0.16,3,1,59.552,1,0,32.734,32.734,100,44.948,42.23,100,4.055,0.828,8.352,56.038,4.981,0.481,1.812,12.635,0.658,,1.296,1036758145.872,13087175.611
87,Croatia,2002,43.189,42.903,43.27,26.527,26.005,26.739,30.668,4.148,1.155,6.965,0,43.014,48.258,10060.201,81.118,4302174,1.672,5.823,4.842,22.913,0.769,3.49,100.782,95.022,39.162,74.717,97.257,3.665,22.127,19.928,15.05,0,-0.16,2,1,65.144,1,0,38.027,38.027,100,50.263,48.258,100,3.96,1.522,16.813,54.746,5.207,0.545,1.821,21.225,0.527,,1.723,980784304.813,33269581.047
88,Croatia,2003,43.24,43.166,43.225,26.305,25.851,26.291,30.179,4.059,1.124,7.297,0,45.079,48.381,10620.081,81.453,4303399,1.767,5.595,3.935,23.334,0.698,3.71,100.988,95.496,42.381,74.614,96.743,5.237,25.556,19.343,13.92,0,1.041,2,1,66.833,1,0,42.167,42.167,100,53.884,48.381,100,4.078,1.423,16.335,55.197,5.409,0.581,1.791,22.66,0.627,,1.671,1846434012.048,15004806.104
89,Croatia,2004,43.482,43.524,43.676,26.411,26.146,26.487,29.69,3.972,1.094,7.345,0,47.817,49.469,11061.195,81.581,4304600,2.055,4.183,4.416,24.138,0.663,3.69,,,44.076,75.52,97.456,3.14,25.423,19.425,13.66,0,1.041,2,0,76.972,1,0,44.811,44.811,100,55.86,49.469,100,3.681,1.365,16.226,57.214,5.69,0.626,1.781,21.335,0.887,,2.231,1314179917.333,176586181.835
90,Croatia,2005,43.653,43.761,43.815,26.402,25.99,26.983,30.678,4.101,1.163,7.478,0,51.882,50.697,11522.946,81.438,4310145,3.317,4.309,3.865,23.767,0.719,3.733,100.141,99.077,47.295,75.245,97.524,4.03,25.176,19.304,12.6,0,1.041,2,0,79.733,1,0,48.236,48.236,100,60.392,50.697,100,3.38,1.297,14.904,57.04,6.081,0.702,1.773,26.52,1.352,,3.808,1814728743.163,112880374.042
91,Croatia,2006,43.865,43.852,44.32,26.547,26.374,26.663,31.666,4.234,1.234,7.52,0,58.498,53.347,12086.807,83.58,4311159,3.19,4.918,3.982,23.43,0.926,3.777,99.385,99.035,48.598,75.837,98.544,6.756,26.327,19.22,11.13,0,1.041,2,0,78.105,1,0,53.329,53.329,100,66.285,53.347,100,3.617,1.315,13.597,54.72,6.622,0.735,1.795,41.903,2.63,,6.225,3346611893.329,408880789.817
92,Croatia,2007,44.285,44.214,44.953,27.041,26.849,27.154,32.655,4.373,1.308,7.682,1,61.509,56.974,12689.197,83.415,4310217,2.899,4.961,3.698,22.987,0.917,3.82,98.866,99.013,50.531,75.706,100.477,7.851,26.551,19.99,9.91,0,1.041,2,0,77.451,1,0,57.088,57.088,100,69.194,56.974,100,3.448,1.32,11.48,53.358,7.157,0.77,1.791,83.399,5.269,4375.483,10.388,4645807617.354,441791120.241
93,Croatia,2008,44.742,44.729,45.381,27.738,27.632,28.031,33.643,4.518,1.385,7.68,1,63.908,59.708,12944.755,82.238,4309705,6.077,2.002,3.888,22.809,1.101,4.22,97.903,98.999,52.351,75.912,99.132,7.681,27.908,19.615,8.53,0,1.041,2,0,78.043,1,0,61.149,61.149,100,74.171,59.708,100,3.493,1.292,9.892,54.247,7.358,0.732,1.805,74.806,5.75,4565.795,3.376,5249620116.029,-110046696.399
94,Croatia,2009,45.313,45.475,45.419,28.382,28.335,28.574,33.133,4.779,1.317,7.492,0,66.712,64.018,12026.205,70.13,4305181,2.379,-7.193,3.997,22.652,0.779,4.15,97.975,98.939,51.958,76.168,99.415,4.956,24.935,21.553,9.2,0,1.041,2,0,77.975,1,0,67.674,67.674,100,84.096,64.018,100,3.396,0.905,6.576,55.022,8.376,0.752,1.846,41.901,3.614,6018.075,4.163,3069599255.92,25346068.629
95,Croatia,2010,45.667,45.77,45.564,29.045,29.048,28.986,32.622,5.08,1.246,7.485,0,68.249,68.34,11906.006,72.983,4295427,1.031,-1.224,3.653,21.36,0.917,4.08,98.071,98.896,57.069,76.476,100.175,2.632,20.92,21.585,11.62,0,1.041,2,0,77.682,1,0,67.916,67.916,100,88.736,68.34,100,3.447,0.9,6.436,55.235,9.065,0.752,1.81,42.901,2.06,6840.219,4.693,1545050408.337,181792542.26
96,Croatia,2011,45.869,45.805,45.973,29.394,29.45,29.237,32.396,5.095,1.213,8.795,0,70.119,72.314,11936.836,78.14,4280622,2.273,-0.087,3.632,21.542,1.294,4.19,98.094,99.266,59.339,76.776,100.446,1.995,19.912,21.823,13.68,0,1.041,2,0,76.085,1,0,69.165,69.165,100,94.483,72.314,100,3.689,0.946,6.813,56.628,9.478,0.729,1.768,39.483,1.621,7394.599,4.029,1248979435.631,4047720.211
97,Croatia,2012,46.024,45.988,46.223,29.603,29.571,29.527,32.347,5.13,1.213,8.825,0,67.851,69.185,11694.199,79.464,4267558,3.412,-2.332,3.292,21.138,1.294,4.316,98.716,99.346,62.026,76.924,99.138,2.56,19.313,21.836,15.93,0,1.041,2,0,77.128,1,0,71.25,71.25,100,100.986,69.185,100,3.383,0.725,5.142,58.183,10.177,0.744,1.746,36.956,1.244,9353.051,4.362,1465100044.528,-149034469.468
98,Croatia,2013,46.245,46.124,46.315,29.591,29.609,29.008,32.491,5.15,1.219,8.575,0,69.584,64.158,11680.161,81.515,4255689,2.217,-0.398,3.453,20.625,1.108,4.443,98.294,100.909,66.059,77.127,98.335,1.627,19.377,21.69,17.25,0,1.041,2,0,80.89,1,0,70.418,70.418,100,100.501,64.158,100,3.236,0.143,1.208,58.868,10.272,0.766,1.733,37.083,0.96,10982.237,4.498,966014917.346,-58997824.959
99,Croatia,2014,46.197,46.169,46.023,29.642,29.701,29.237,32.033,4.94,1.198,8.632,0,68.113,63.787,11677.482,85.771,4238389,-0.215,-0.429,2.947,20.817,0.867,4.269,98.398,100.841,67.23,77.478,99.091,5.37,18.997,22.004,17.29,0,1.041,2,0,86.305,1,0,69.087,69.087,100,97.334,63.787,100,2.987,0.371,3.173,59.009,10.93,0.796,1.545,35.998,0.905,11156.831,4.645,3179819720.257,-45595765.861
100,Croatia,2015,46.287,46.161,46.502,29.411,29.583,29.031,32.107,4.886,1.209,8.778,0,64.554,63.778,12071.091,91.164,4203604,-0.464,2.522,2.967,20.596,0.698,4.095,98.731,100.706,66.244,77.276,100.0,0.069,19.27,21.282,16.18,0,1.041,2,0,87.951,1,0,65.755,65.755,100,93.841,63.778,100,2.892,-0.553,-3.46,67.681,11.006,0.866,1.45,35.734,0.847,11290.507,4.868,35177680.929,10689769.849
101,Croatia,2016,46.105,45.914,46.484,29.241,29.424,28.996,31.152,4.739,1.145,8.805,0,60.509,63.515,12588.353,92.631,4174349,-1.125,3.559,3.061,20.591,0.511,3.921,97.807,101.129,66.559,78.022,98.998,0.809,19.752,20.817,13.1,0,1.041,2,0,87.919,1,0,60.961,60.961,100,88.315,63.515,100,3.43,1.318,9.653,60.347,11.064,0.835,1.397,37.356,0.718,12428.181,6.09,423781033.377,12854396.206
102,Slovenia,2000,38.171,38.064,37.517,23.348,23.482,23.442,24.052,3.107,0.815,7.165,0,,40.303,16240.657,103.948,1988925,8.912,3.672,3.086,30.468,0.166,5.295,99.617,102.753,55.371,75.412,102.435,0.669,27.415,18.461,6.92,0,1.041,2,1,71.361,1,0,32.581,32.581,100,42.648,40.303,100,4.729,1.186,12.555,59.821,,0.776,2.008,13.356,3.301,,,135800000.0,25400000.0
103,Slovenia,2001,38.418,38.269,37.659,23.343,23.422,23.627,28.076,3.615,1.03,8.418,0,,45.546,16736.667,104.534,1992060,8.38,3.217,2.788,30.551,0.199,5.267,102.646,108.755,60.846,75.759,104.076,2.401,26.351,18.828,5.68,0,1.041,2,1,72.81,1,0,34.571,34.571,100,44.802,45.546,100,3.749,0.743,8.034,63.86,6.994,0.808,2.094,15.208,3.724,,,501200000.0,-2200000.0
104,Slovenia,2002,38.829,38.591,38.197,23.547,23.559,23.786,27.094,3.469,0.973,8.682,0,,49.513,17301.934,103.651,1994530,7.481,3.506,2.979,29.967,0.137,5.238,105.334,109.762,66.655,76.007,105.871,7.875,24.573,18.655,5.92,0,1.041,2,1,73.763,1,0,36.049,36.049,100,46.371,49.513,100,3.972,1.048,11.813,63.852,8.68,0.834,2.161,19.363,4.095,,,1849800000.0,10800000.0
105,Slovenia,2003,39.267,39.042,38.937,23.653,23.651,23.887,26.112,3.331,0.917,8.758,0,,49.715,17803.378,102.325,1995733,5.544,2.96,2.252,30.247,0.144,5.21,110.092,111.063,69.605,76.859,106.264,1.807,25.031,18.774,6.48,0,1.295,1,1,85.279,1,0,38.021,38.021,100,48.23,49.715,100,4.061,1.07,11.726,65.23,8.742,0.916,2.22,23.099,2.699,,,535600000.0,16000000.0
106,Slovenia,2004,39.552,39.473,39.407,23.504,23.534,23.701,25.129,3.2,0.864,9.325,0,0.186,49.788,18567.562,111.557,1997012,3.593,4.359,2.43,30.255,0.234,5.26,96.684,98.897,73.349,77.207,104.946,2.217,26.016,18.825,6.01,0,1.549,1,1,88.828,1,0,42.498,42.498,100,53.131,49.788,100,3.014,1.059,11.302,59.345,9.418,1.086,2.32,25.295,1.907,,,763100000.0,-13100000.0
107,Slovenia,2005,39.982,39.902,40.069,23.757,23.847,23.772,24.147,3.075,0.813,9.078,0,52.289,45.594,19239.4,120.263,2000474,2.452,3.798,2.425,29.79,0.184,5.21,98.21,98.431,81.273,77.612,101.725,2.681,26.593,18.908,6.51,0,1.803,1,0,89.41,1,0,47.244,47.244,100,58.478,45.594,100,2.641,0.852,9.601,55.498,10.562,1.172,2.396,24.272,1.725,,,970800000.0,97800000.0
108,Slovenia,2006,39.952,39.99,40.06,23.768,23.814,23.488,24.021,3.077,0.809,9.105,0,60.01,46.018,20280.152,129.788,2006868,2.458,5.746,2.119,30.122,0.212,5.15,100.249,97.232,85.274,78.087,101.62,1.753,27.746,18.653,5.95,0,2.057,1,0,85.32,1,0,54.127,54.127,100,64.775,46.018,100,2.543,0.992,11.934,55.561,11.659,1.306,2.363,29.203,1.937,,6.297,692021551.719,196722317.115
109,Slovenia,2007,40.105,40.211,40.282,23.441,23.479,23.273,23.895,3.08,0.806,9.222,1,71.061,45.682,21574.753,137.127,2018122,3.657,6.98,2.048,30.654,0.231,4.85,96.438,99.236,87.265,78.561,100.675,3.921,28.651,17.454,4.82,0,2.311,1,0,86.023,1,0,61.943,61.943,100,70.253,45.682,100,2.555,1.145,14.088,57.21,12.973,1.746,2.3,46.752,4.189,1822.845,8.788,1884506372.675,274516700.643
110,Slovenia,2008,40.172,40.408,40.628,23.545,23.58,23.508,23.77,3.083,0.802,9.22,1,76.403,47.024,22296.705,134.732,2021316,5.647,3.51,1.828,29.788,0.393,4.76,97.106,99.934,88.599,78.766,98.968,1.938,29.443,18.16,4.37,0,2.057,1,0,84.835,1,0,72.001,72.001,100,78.499,47.024,100,2.391,0.596,7.187,53.993,12.104,1.693,2.314,39.137,4.119,2005.615,3.721,1080741791.922,-271318135.182
111,Slovenia,2009,40.815,40.978,41.693,24.287,24.43,24.035,24.408,3.208,0.825,8.835,0,83.074,50.494,20428.17,113.122,2039669,0.839,-7.548,1.816,27.374,0.206,5.22,97.708,98.968,87.965,78.971,102.928,-0.686,24.131,20.158,5.86,0,1.803,1,1,86.003,1,0,82.005,82.005,100,90.658,50.494,100,2.192,0.285,3.415,54.688,14.041,1.719,2.538,23.302,2.315,2581.966,5.182,-346971372.901,23300121.609
112,Slovenia,2010,41.411,41.582,41.799,24.873,24.888,24.868,25.046,3.342,0.848,8.525,0,85.056,51.368,20612.59,127.491,2048583,1.801,1.344,1.894,26.506,0.301,5.26,98.061,98.538,90.251,79.422,99.669,0.662,21.082,20.42,7.24,0,1.549,1,1,86.946,1,0,84.508,84.508,100,95.332,51.368,100,2.2,-0.224,-2.72,53.805,14.945,1.81,2.544,21.976,1.54,2828.465,5.529,319143932.575,169921421.578
113,Slovenia,2011,41.78,41.853,41.986,25.046,25.043,25.232,25.684,3.486,0.873,8.622,0,81.847,51.888,20746.988,139.278,2052843,1.803,0.861,2.143,26.809,0.36,5.24,97.986,98.478,87.189,79.971,98.236,1.698,19.944,20.563,8.17,0,1.295,1,1,85.848,1,0,83.238,83.238,100,95.22,51.888,100,2.234,-1.032,-12.585,53.258,15.362,1.625,2.498,15.889,0.997,2881.878,4.424,875946337.676,228072484.067
114,Slovenia,2012,42.54,42.69,42.46,25.662,25.691,25.816,27.331,3.662,0.959,8.628,0,79.272,53.442,20157.005,142.384,2057159,2.597,-2.639,1.964,27.395,0.253,5.36,98.214,98.114,89.022,80.124,97.554,0.072,19.032,20.355,8.84,0,1.041,1,0,84.859,1,0,82.317,82.317,100,97.0,53.442,100,2.08,-1.917,-23.355,51.488,16.8,1.655,2.459,13.351,0.948,2995.434,5.088,33537889.492,148169759.638
115,Slovenia,2013,42.567,42.69,42.763,25.459,25.488,25.739,27.04,3.627,0.944,7.977,0,65.346,52.622,19922.474,143.756,2059953,1.769,-1.029,1.971,27.489,0.206,4.821,98.601,110.559,87.857,80.322,98.342,0.215,19.634,19.641,10.1,0,1.041,1,0,84.66,1,0,72.977,72.977,100,90.753,52.622,100,1.851,-10.472,-117.673,51.43,16.946,1.526,2.336,14.446,0.863,3209.139,5.177,104022716.629,164937448.869
116,Slovenia,2014,42.491,42.601,42.397,25.289,25.384,25.511,26.748,3.592,0.928,8.362,0,54.501,52.199,20453.833,145.55,2061980,0.199,2.768,2.017,28.137,0.265,4.668,98.587,110.183,84.378,81.078,98.871,2.039,19.108,18.888,9.67,0,1.041,1,1,90.398,1,0,59.181,59.181,100,79.297,52.199,100,2.3,-0.261,-2.44,52.501,17.497,1.42,2.223,14.733,1.155,3109.832,5.107,1019380613.497,122812305.008
117,Slovenia,2015,42.36,42.453,42.296,25.352,25.521,25.245,26.457,3.558,0.913,8.548,0,49.879,53.393,20890.166,146.296,2063531,-0.526,2.21,2.097,28.027,0.264,4.652,98.382,109.655,82.2,80.776,100.0,4.014,18.655,18.823,8.96,0,1.041,1,0,89.139,1,0,51.331,51.331,100,71.48,53.393,100,2.233,0.385,3.078,56.283,17.061,1.457,2.142,14.296,1.136,2926.674,5.681,1730147099.282,58310936.044
118,Slovenia,2016,41.604,41.81,41.263,24.834,25.101,24.388,26.192,3.48,0.906,8.575,0,46.641,54.675,21541.176,146.658,2065042,-0.055,3.192,1.98,27.966,0.261,4.29,97.982,115.217,79.475,81.176,100.229,3.231,17.379,19.036,8.0,0,1.041,1,0,89.098,1,0,47.353,47.353,100,65.415,54.675,100,2.074,1.008,7.666,59.698,17.111,1.425,2.157,12.631,0.749,2963.009,5.651,1446274234.685,52443733.917
119,Bulgaria,2000,43.235,42.369,42.328,31.975,31.668,31.474,30.775,4.429,1.149,6.908,0,,20.635,3721.051,77.746,8170172,10.316,4.587,10.97,22.678,0.682,3.207,104.705,79.876,42.34,71.663,86.652,7.561,16.731,19.785,16.22,0,-0.98,3,0,60.468,1,0,11.131,11.131,100,15.325,20.635,100,5.547,3.632,18.283,66.342,2.189,0.138,1.176,0.821,0.035,,0.038,1001503842.0,4886905.061
120,Bulgaria,2001,43.498,42.825,42.314,32.354,32.129,31.977,31.357,4.578,1.185,8.067,0,14.448,23.5,3941.009,79.081,8009142,7.361,3.824,10.603,23.981,0.714,3.31,105.339,80.944,41.041,71.768,83.657,5.732,19.266,19.368,19.92,0,-1.234,3,0,61.959,1,0,12.575,12.575,100,16.57,23.5,100,5.034,1.843,10.959,60.101,2.23,0.265,1.205,0.737,0.257,,0.034,812942201.973,-8603380.757
121,Bulgaria,2002,43.828,43.128,43.106,32.566,32.243,32.509,34.146,5.039,1.373,8.062,0,18.923,26.739,4263.983,75.27,7837161,5.81,5.872,9.711,24.005,0.46,3.19,109.647,83.982,41.429,71.866,84.274,5.515,18.977,19.178,18.11,0,-1.234,3,0,62.217,1,0,16.009,16.009,100,20.97,26.739,100,5.359,2.253,15.683,52.444,2.38,0.419,1.331,2.468,0.729,,0.038,904659791.088,-22927656.084
122,Bulgaria,2003,44.113,43.465,43.465,32.668,32.313,32.607,32.216,4.666,1.239,8.522,0,26.095,28.376,4522.98,79.014,7775327,2.349,5.237,9.096,24.319,0.431,3.81,111.694,88.119,42.854,72.066,84.772,9.916,19.805,20.111,13.73,0,-0.98,2,0,62.992,1,0,21.229,21.229,100,26.662,28.376,100,5.175,2.32,17.063,52.233,2.186,0.184,1.574,6.1,0.738,,0.049,2096788700.056,-23193285.951
123,Bulgaria,2004,44.194,43.722,42.902,32.863,32.561,33.332,32.166,4.735,1.229,8.518,0,33.4,31.87,4853.945,93.064,7716860,6.147,6.51,8.452,23.133,1.137,2.22,111.751,90.534,43.694,72.563,85.403,11.746,20.951,19.362,12.04,0,-0.726,2,0,67.387,1,0,28.511,28.511,100,33.748,31.87,100,5.878,2.19,18.867,44.259,2.298,0.225,1.739,9.075,1.115,,0.136,3072550961.816,21503762.14
124,Bulgaria,2005,44.348,43.81,43.414,33.118,32.837,33.681,32.116,4.806,1.219,8.742,0,39.37,36.489,5235.732,99.714,7658972,5.039,7.056,7.284,24.232,0.982,3.81,110.92,91.367,46.225,72.561,86.477,13.72,25.665,18.154,10.08,0,-0.473,2,0,64.0,1,0,34.706,34.706,100,40.012,36.489,100,5.203,1.865,17.828,37.418,2.607,0.29,1.906,13.158,2.069,,0.202,4098122930.779,449034874.575
125,Bulgaria,2006,44.491,43.946,43.523,33.372,33.15,33.616,32.067,4.881,1.209,9.352,0,42.761,42.907,5634.529,111.047,7601022,7.262,6.803,6.096,25.37,1.831,3.81,108.823,92.412,47.795,72.612,91.572,22.904,27.438,18.147,8.95,0,2.057,2,0,66.432,1,0,39.291,39.291,100,44.615,42.907,100,5.269,1.972,19.543,37.941,3.274,0.331,1.938,22.514,3.861,,0.59,7874476255.433,147563558.553
126,Bulgaria,2007,44.652,44.165,44.126,33.544,33.378,33.992,36.05,6.585,1.487,9.4,1,58.487,47.712,6050.246,123.533,7545338,8.403,6.591,4.652,26.26,1.686,3.6,106.105,93.154,51.24,72.663,93.824,31.228,28.289,16.688,6.88,0,2.311,2,0,82.001,1,0,47.124,47.124,100,51.971,47.712,100,5.322,2.528,24.333,48.944,3.414,0.359,1.949,36.259,9.585,1748.633,1.436,13875270456.912,88560349.975
127,Bulgaria,2008,44.846,44.345,44.236,33.463,33.262,34.033,36.149,5.638,1.525,9.345,1,67.004,51.257,6465.504,124.689,7492561,12.349,6.116,5.87,24.991,1.975,4.0,104.158,92.384,52.65,72.963,94.04,18.9,32.98,17.15,5.61,0,2.311,2,0,80.269,1,0,60.651,60.651,100,65.168,51.257,100,4.947,2.106,19.271,49.619,3.502,0.34,2.054,30.401,8.202,1660.268,0.415,10296720633.724,-105508896.291
128,Bulgaria,2009,45.039,44.597,44.669,33.505,33.25,34.22,33.606,5.163,1.316,9.41,0,69.143,53.34,6294.385,92.693,7444443,2.753,-3.272,4.236,26.567,0.704,4.22,102.062,92.521,55.008,73.412,95.528,7.49,27.781,16.739,6.82,0,2.311,2,0,80.359,1,0,68.653,68.653,100,72.94,53.34,100,4.517,1.073,8.955,49.742,3.808,0.274,1.948,16.506,1.679,2326.296,0.492,3896664559.172,7584790.359
129,Bulgaria,2010,45.463,45.157,44.66,33.874,33.682,34.569,33.822,5.221,1.334,9.258,0,68.308,54.947,6433.644,103.412,7395599,2.439,1.542,4.033,23.757,1.68,3.98,101.401,94.182,58.355,73.512,96.328,3.631,22.185,16.504,10.28,0,2.311,2,0,82.327,1,0,67.887,67.887,100,72.536,54.947,100,4.287,0.861,6.66,45.643,3.903,0.298,1.793,15.467,0.834,2713.525,0.599,1842900000.0,-720000.0
130,Bulgaria,2011,45.793,45.541,44.985,34.417,34.143,34.776,35.593,5.759,1.466,9.258,0,65.576,56.656,6611.085,117.456,7348328,4.22,2.101,4.661,25.031,2.143,3.69,101.12,96.436,59.825,74.163,95.425,3.644,20.84,15.85,11.26,0,2.311,2,0,80.439,1,0,64.745,64.745,100,70.027,56.656,100,4.124,0.797,5.974,43.848,3.666,0.284,1.642,14.023,0.63,3041.777,0.507,2103810000.0,-46160000.0
131,Bulgaria,2012,46.192,45.861,45.293,35.08,34.873,35.356,34.288,5.512,1.363,9.285,0,66.266,61.036,6699.688,123.994,7305888,2.955,0.755,4.43,25.383,1.605,3.57,100.363,95.39,62.162,74.315,95.274,3.294,21.122,15.791,12.27,0,2.311,2,0,79.689,1,0,65.414,65.414,100,71.626,61.036,100,3.642,0.534,3.965,42.991,3.753,0.297,1.581,13.631,0.611,3848.227,0.6,1788110000.0,4490000.0
132,Bulgaria,2013,46.738,46.352,46.15,35.649,35.479,35.993,35.996,5.863,1.493,9.247,0,66.257,66.12,6699.525,129.733,7265115,0.89,-0.56,4.516,23.511,1.108,3.847,99.561,101.153,65.393,74.861,95.583,3.562,21.186,17.085,12.94,0,2.311,2,0,81.312,1,0,66.206,66.206,100,73.346,66.12,100,3.328,0.439,3.316,43.964,3.995,0.333,1.641,,1.129,4806.956,0.906,1989040000.0,-19100000.0
133,Bulgaria,2014,47.356,47.035,46.44,36.362,36.258,36.427,36.555,6.346,1.542,9.26,0,59.59,67.496,6802.858,130.287,7223938,-1.418,0.967,4.559,23.444,0.785,3.88,99.711,103.013,69.587,74.466,96.033,1.913,21.06,16.833,11.42,0,2.311,2,0,85.451,1,0,61.887,61.887,100,70.603,67.496,100,3.403,-5.918,5.051,49.647,4.208,0.353,1.611,,,5088.964,0.872,1093600000.0,-76640000.0
134,Bulgaria,2015,47.97,47.749,46.948,37.069,37.059,37.273,37.413,6.088,1.62,9.317,0,55.413,67.206,7081.102,126.701,7177991,-0.105,3.428,4.061,24.023,0.659,3.914,98.766,100.06,74.045,74.615,100.0,4.37,20.853,16.084,9.14,0,2.311,2,0,86.037,1,0,55.808,55.808,100,65.998,67.206,100,3.439,0.559,4.48,56.733,4.256,0.384,1.67,,,5247.651,0.869,2221390000.0,-28580000.0
135,Bulgaria,2016,48.448,48.281,47.214,37.666,37.622,38.022,38.519,7.024,1.7,9.338,0,52.766,67.57,7347.711,122.834,7127822,-0.799,3.04,4.053,24.449,0.526,3.948,96.876,97.343,75.475,74.812,101.839,2.757,18.403,15.583,7.57,0,2.311,2,0,86.009,1,0,52.045,52.045,100,62.89,67.57,100,3.876,1.236,9.525,55.938,4.146,0.396,1.619,,,5833.581,1.018,1488430000.0,-34550000.0
136,Romania,2000,38.429,38.372,38.894,28.374,28.533,28.296,33.333,4.906,1.318,4.632,0,7.09,17.297,4567.24,48.521,22442971,45.667,2.461,10.854,30.263,3.461,2.82,104.287,82.383,23.287,71.163,91.341,2.784,19.12,16.859,6.97,0,-1.234,2,0,59.73,1,0,6.392,6.392,100,11.607,17.297,100,8.249,2.354,13.068,74.114,,0.131,0.66,0.784,0.182,,0.021,1037000000.0,58000000.0
137,Romania,2001,39.111,38.963,39.858,28.929,29.12,29.064,34.256,5.19,1.381,6.072,0,8.585,16.582,4873.093,51.929,22131970,34.477,5.218,13.15,32.337,3.508,3.02,105.79,83.499,28.054,71.161,91.274,2.864,21.04,15.797,6.56,0,-1.234,2,1,61.022,1,0,6.714,6.714,100,10.898,16.582,100,8.99,2.748,15.004,72.309,,0.179,0.635,1.609,0.176,,0.025,1157000000.0,8000000.0
138,Romania,2002,39.835,39.566,41.061,29.289,29.53,29.543,35.179,5.502,1.447,6.925,0,10.066,17.828,5246.171,53.71,21730496,22.54,5.703,11.342,33.327,2.711,3.22,105.53,84.95,33.702,71.01,93.198,2.483,21.464,14.824,8.11,0,-0.033,2,1,61.765,1,0,8.327,8.327,100,12.331,17.828,100,8.074,1.971,11.519,66.878,,0.272,0.757,3.657,0.253,,0.059,1144000000.0,21000000.0
139,Romania,2003,40.655,40.335,42.302,29.984,30.149,30.363,36.102,5.845,1.518,7.1,0,13.646,18.165,5407.856,56.18,21574326,15.273,2.341,11.914,32.048,2.464,3.24,102.831,84.221,38.906,71.31,94.349,3.19,22.74,16.045,6.95,0,0.221,2,1,62.613,1,0,10.902,10.902,100,14.196,18.165,100,8.368,1.326,8.557,67.401,,0.291,0.88,5.051,0.311,,0.05,1844000000.0,69000000.0
140,Romania,2004,41.329,41.001,42.851,30.829,30.965,31.005,37.025,6.224,1.593,7.335,0,15.524,18.835,6005.917,60.626,21451748,11.874,10.428,12.706,31.835,2.427,3.23,105.122,82.585,41.8,71.561,97.507,8.594,22.295,14.728,7.72,0,1.549,2,1,60.969,1,0,13.381,13.381,100,15.67,18.835,100,9.908,2.726,20.423,63.58,,0.279,0.966,9.435,0.687,,0.096,6443000000.0,111000000.0
141,Romania,2005,42.204,41.859,43.311,31.74,31.866,31.695,37.949,6.646,1.673,8.618,0,19.808,21.884,6325.222,59.361,21319685,9.015,4.668,8.486,32.266,1.981,3.38,102.188,81.059,45.464,71.912,97.443,6.601,23.363,16.24,7.17,0,1.803,2,0,73.621,1,0,16.695,16.695,100,18.604,21.884,100,7.086,1.93,16.858,63.091,2.208,0.354,1.127,14.277,1.188,,0.111,6498650462.866,232210719.422
142,Romania,2006,43.094,42.855,44.28,32.904,33.051,32.796,38.872,7.118,1.758,8.612,0,25.688,24.317,6873.661,61.684,21193760,6.559,8.029,7.821,32.978,2.077,3.41,101.634,85.682,54.139,72.163,98.656,9.02,26.616,15.923,7.27,0,2.057,2,0,62.234,1,0,21.33,21.33,100,22.677,24.317,100,6.45,1.844,18.377,64.587,2.45,0.325,1.276,17.03,1.263,,0.202,11006614841.842,302593655.107
143,Romania,2007,43.481,43.347,44.311,33.104,33.328,33.35,39.795,7.649,1.85,8.9,1,33.739,25.792,7480.581,63.505,20882982,4.837,7.234,5.502,34.282,1.633,3.44,100.085,84.26,60.283,72.566,98.097,5.787,35.343,15.391,6.41,0,2.311,2,0,83.477,1,0,27.098,27.098,100,28.607,25.792,100,4.822,1.744,19.65,55.511,2.752,0.334,1.303,16.984,1.311,5.724,0.223,10103086514.314,742056406.512
144,Romania,2008,43.474,43.293,44.117,32.848,33.006,33.145,37.677,6.852,1.635,8.832,1,36.034,25.592,8314.233,65.175,20537875,7.851,9.307,6.302,36.774,2.123,3.595,98.581,94.538,73.447,72.566,97.38,6.377,37.287,15.881,5.79,0,2.311,2,0,82.538,1,0,31.447,34.86,90,33.928,25.592,100,4.922,2.029,23.473,53.463,2.775,0.342,1.288,10.633,0.932,329.646,0.152,13667824244.747,21132360.608
145,Romania,2009,43.444,43.414,43.986,32.535,32.73,32.778,36.711,6.578,1.542,8.642,0,37.33,29.616,7921.221,58.473,20367487,5.587,-5.517,6.116,36.425,1.435,3.75,100.861,103.393,81.533,73.31,98.283,2.664,25.998,16.105,6.86,0,2.311,2,0,83.973,1,0,37.036,43.925,84,43.053,29.616,100,5.344,1.092,11.721,52.011,3.089,0.304,1.351,7.4,0.766,842.213,0.651,4637684879.543,6755842.417
146,Romania,2010,43.476,43.398,43.953,32.44,32.631,32.509,35.63,6.127,1.453,9.093,0,39.068,32.03,7657.543,69.833,20246871,6.091,-3.901,5.178,38.315,1.714,3.18,99.974,102.468,75.229,73.459,98.965,1.89,25.672,15.009,6.96,0,2.311,2,0,84.159,1,0,38.362,44.554,86,48.607,32.03,100,5.273,0.708,6.819,52.082,3.18,0.307,1.229,8.071,0.985,1455.113,1.03,3213737651.984,3437242.673
147,Romania,2011,43.684,43.617,43.912,32.439,32.617,32.319,35.786,6.563,1.452,8.962,0,39.109,31.9,8042.904,76.143,20147528,5.789,4.517,5.951,40.212,2.288,2.87,98.379,100.736,66.787,74.41,99.72,1.23,26.826,13.465,7.18,0,2.311,2,0,82.031,1,0,38.426,43.656,88,50.233,31.9,100,4.613,0.176,1.567,54.143,3.094,0.3,1.058,7.921,1.28,2053.474,1.303,2370097222.618,-38290891.304
148,Romania,2012,43.984,44.044,44.066,32.629,32.874,32.426,36.263,6.934,1.48,9.01,0,37.522,31.323,8234.305,76.539,20058035,3.335,1.925,4.54,34.425,2.188,2.81,96.242,97.45,54.953,74.412,99.194,1.701,27.007,13.777,6.79,0,2.311,2,0,81.005,1,0,37.353,43.12,87,49.868,31.323,100,4.043,-0.965,-8.663,55.282,3.204,0.281,1.029,,1.343,3050.551,1.531,3047569714.397,408323207.599
149,Romania,2013,44.324,44.444,44.453,32.916,33.124,32.723,36.881,7.193,1.542,9.05,0,33.858,31.463,8287.25,81.402,19983693,3.985,0.27,5.51,32.074,1.876,2.81,,95.699,51.383,75.063,98.56,2.031,24.426,14.259,7.1,0,2.311,2,0,81.331,1,0,34.84,41.686,84,47.459,31.463,100,4.032,-0.183,-1.69,53.779,2.859,0.227,0.98,,0.839,4512.531,2.096,3854819397.638,1054061124.147
150,Romania,2014,44.675,44.652,44.982,33.426,33.636,33.041,37.184,7.683,1.577,9.185,0,31.121,32.23,8661.123,83.379,19908979,1.068,4.121,4.949,32.571,1.51,2.81,,93.534,51.095,74.91,98.12,1.937,24.363,14.425,6.8,0,2.311,2,0,87.334,1,0,31.907,38.69,82,44.387,32.23,100,3.582,-1.925,-18.48,53.458,2.786,0.2,0.932,,0.678,5471.385,2.467,3869197075.105,534835681.817
151,Romania,2015,44.616,44.606,44.673,33.269,33.395,32.948,39.264,8.208,1.799,9.268,0,29.899,32.419,8976.955,83.521,19815616,-0.594,3.161,4.426,30.812,0.976,2.81,88.866,91.267,49.357,74.912,100.0,2.427,24.948,13.915,6.81,0,2.311,2,0,87.667,1,0,29.582,35.702,83,41.892,32.419,100,3.205,1.311,12.625,65.67,2.903,0.215,0.946,,,6254.15,2.835,4317731472.306,361658058.66
152,Romania,2016,44.447,44.279,44.787,32.817,32.931,32.473,36.324,7.437,1.502,9.27,0,28.176,32.391,9286.597,85.894,19702267,-1.545,2.858,4.292,30.122,0.689,2.81,87.59,88.78,49.911,75.21,100.21,3.374,23.114,15.23,5.9,0,2.311,2,0,87.371,1,0,27.771,33.417,83,39.643,32.391,100,3.661,1.249,11.388,59.386,2.468,0.209,0.978,,,7665.737,2.696,6252035766.428,-459356569.611
