Country Name,Country Code,Series Name,Series Code,1984 [YR1984],1997 [YR1997],2000 [YR2000],2001 [YR2001],2002 [YR2002],2003 [YR2003],2004 [YR2004],2005 [YR2005],2006 [YR2006],2007 [YR2007],2008 [YR2008],2009 [YR2009],2010 [YR2010],2011 [YR2011],2012 [YR2012],2013 [YR2013],2014 [YR2014],2015 [YR2015],2016 [YR2016],2017 [YR2017],2018 [YR2018],2019 [YR2019],2020 [YR2020],2021 [YR2021],2022 [YR2022]
Albania,ALB,General government final consumption expenditure (% of GDP),NE.CON.GOVT.ZS,,,9.69245349651536,10.625955499078,11.3351367908612,11.0984229894148,11.2058669623781,11.031267292825,10.5272906437808,10.4774392871051,10.3789563199331,11.109434443885,11.1573603733327,10.9741654774939,10.844815956651,11.0254938139466,11.4518682295269,11.1106353102927,11.2693152160404,,,,,,
Albania,ALB,GDP per capita (constant 2015 US$),NY.GDP.PCAP.KD,1740.34768635719,1464.29796641697,1960.88246493025,2143.52684515058,2247.49808605638,2380.64462708705,2522.44938113726,2675.50864417697,2851.3677667452,3044.89662487827,3298.4789171641,3432.17088105477,3577.11433445482,3678.04771118469,3736.34008946398,3780.69920254585,3855.76075430011,3952.80358410846,4090.37273911621,4249.82006064482,4431.55560679714,4543.38772250631,4418.66088547605,4857.11195487159,5158.50912786813
Albania,ALB,Trade (% of GDP),NE.TRD.GNFS.ZS,38.1156830212927,45.4255562530936,63.454073132628,66.4910240323437,68.5250682234387,67.0205610427628,67.0471873068205,70.8723467754672,74.2670902393052,83.2020801053931,77.4517514962857,75.0949144008056,76.5433902447878,81.218568933066,76.5102006210933,75.8737138467897,75.4078455964825,71.801006339647,74.809862823171,78.1942495319136,76.8081841283291,76.2791946495763,59.8297294321628,76.0179821075752,85.305313723096
Albania,ALB,"Population, total",SP.POP.TOTL,2904429,3148281,3089027,3060173,3051010,3039616,3026939,3011487,2992547,2970017,2947314,2927519,2913021,2905195,2900401,2895092,2889104,2880703,2876101,2873457,2866376,2854191,2837849,2811666,2775634
Albania,ALB,"Inflation, consumer prices (annual %)",FP.CPI.TOTL.ZG,..,33.1802743753957,0.0500181363468233,3.10758827031435,7.77052583431551,0.484002611818484,2.28001916938099,2.36658195679796,2.37072831904283,2.93268248162319,3.32087090389268,2.2669220945083,3.62604695579817,3.42912324722164,2.03159268395298,1.93762080205227,1.62586504402607,1.89617402592367,1.2754316836742,1.98666133171191,2.02805963071136,1.41109078954248,1.62088661717004,2.04147163139546,6.72520271530062
Albania,ALB,GDP growth (annual %),NY.GDP.MKTP.KD.ZG,-1.25159664405811,-10.9199840781391,6.94621659244254,8.29331263121023,4.53652416035675,5.52863746491788,5.51466791097914,5.52642424695465,5.90265903591924,5.98325951855567,7.50004143020151,3.35428934987461,3.70693815255319,2.54540614450104,1.4172427999078,1.00201754071108,1.77444885260394,2.21872637517804,3.31498068384137,3.80259872019053,4.01934561695576,2.08771199649604,-3.30208203862541,8.90852781831182,4.84423589539303
Albania,ALB,"Agriculture, forestry, and fishing, value added (% of GDP)",NV.AGR.TOTL.ZS,..,31.5434438797069,24.5154120419235,22.7161641958722,22.0251140879353,21.9782570845961,20.537486307981,18.8453087247237,17.7083536239523,17.1536195739533,16.8370538440754,16.7943836018798,17.9558663972347,18.2267896025292,18.7668018946422,19.5651578123229,19.9901813581977,19.7802144171366,19.8499944651163,19.0221266422351,18.4294953023634,18.3893323354028,19.2252227057273,18.3581252459328,18.6280324517934
Albania,ALB,"Industry (including construction), value added (% of GDP)",NV.IND.TOTL.ZS,..,18.1097656674433,19.3956891374484,21.7357737789933,23.10636959577,24.055608509483,24.6655622675068,25.0816065897088,25.3080259185205,25.3403319220157,25.1610103305709,24.4137783931968,24.9374619346668,24.4844782196853,22.9185533432722,23.0613168520051,21.5088457362369,21.7636809971645,21.1419653523072,20.3584083577153,21.2794101864807,20.6196548783662,20.1145301950871,20.7469849089846,21.4332510450146
Albania,ALB,Total natural resources rents (% of GDP),NY.GDP.TOTL.RT.ZS,8.86272773832624,1.31616086038518,1.20580664142954,0.774294478401242,0.765808881841202,0.765831615007164,0.868821575977377,1.10115055658531,1.37890239530199,2.17405008124285,1.77540436427071,1.04750341619612,1.52816814295294,2.89849835443056,3.23145242472225,3.32799084447126,3.41690043441322,1.73486186826951,1.05848104238626,1.34604237945034,1.71111628143642,1.63497378546365,0.775369617467959,1.44260146706838,..
Albania,ALB,Adjusted savings: education expenditure (% of GNI),NY.ADJ.AEDU.GN.ZS,2.8,2.842804,2.88783537542158,2.91035106313237,2.93286675084316,2.95538243855395,2.97789812626474,3.00041381397553,3.02292950168632,3.04544518939712,3.06796087710791,3.09047656481869,3.11299225252949,3.13550794024028,3.15802362795107,3.18053931566186,3.15228442347129,3.12402953128068,3.57274109467112,3.30390855205182,3.30390855205182,3.30390855205182,3.30390855205182,..,..
Albania,ALB,"School enrollment, primary (% gross)",SE.PRM.ENRR,96.8741683959961,109.209136962891,109.125343322754,108.75528717041,107.709121704102,107.269111633301,106.634773254395,111.322402954102,109.894897460938,109.893409729004,110.683570861816,108.076110839844,108.49446105957,109.736122131348,110.606300354004,110.929107666016,114.043319702148,113.30313873291,110.957733154297,109.716163635254,107.403678894043,104.310256958008,100.61360168457,97.6049499511719,95.6067123413086
Albania,ALB,"School enrollment, secondary (% gross)",SE.SEC.ENRR,73.9579391479492,67.0927429199219,69.7524566650391,72.4167861938477,73.9457702636719,77.609992980957,78.3257293701172,82.5578079223633,84.6651306152344,87.1469879150391,89.0813369750977,90.3134918212891,93.9528884887695,97.4439926147461,99.7002716064453,103.765159606934,104.288032531738,103.084899902344,100.21997833252,99.3089599609375,99.8547897338867,99.2453994750977,96.1674728393555,96.8862228393555,95.7034072875977
Albania,ALB,"School enrollment, tertiary (% gross)",SE.TER.ENRR,5.76454019546509,12.585599899292,15.232159614563,15.4916801452637,15.9305896759033,16.3815498352051,19.8219509124756,23.5391502380371,27.7050094604492,32.1192588806152,33.4154510498047,34.2157402038574,45.0025787353516,49.6660118103027,59.5761795043945,65.3152923583984,66.8260116577148,62.9865608215332,59.2744903564453,58.6535110473633,56.6088714599609,62.0760917663574,61.392578125,60.3175811767578,62.731990814209
Albania,ALB,"Life expectancy at birth, total (years)",SP.DYN.LE00.IN,71502,73904,75404,75639,75.89,76142,76376,76621,76816,77549,77653,77781,77936,78092,78064,78123,78407,78644,78.86,79047,79184,79282,76989,76463,..
Albania,ALB,Net barter terms of trade index (2015 = 100),TT.PRI.MRCH.XD.WD,..,..,108.1429488785,106.964920387,106.8372657034,102.0164154947,100.0292353648,98.9610229126,98.9302575305,98.499218272,98.178779208,97.7525072692,102.2687889865,101.8826175886,103.3323295768,102.8552768129,101.1418985703,100,101.0767054695,104.0747474235,104.1489992806,103.9745074856,103.9294905175,103.7218886175,..
Albania,ALB,"Foreign direct investment, net inflows (% of GDP)",BX.KLT.DINV.WD.GD.ZS,0,2.1031528051092,4.10877595525929,5.28543275433979,3.10482707446756,3.17270817814522,4.75017450889019,3.25976770729301,3.6548513466532,6.10897965072408,9.68207086703932,11.1706432239538,9.13813121508568,8.1353361623445,7.45135493236808,9.81628455146501,8.69303872198522,8.69053392002112,8.80509197849022,7.85544826704409,7.94635567518757,7.79792050752732,7.05509220945392,6.79614080368671,7.63359072117973
Albania,ALB,Gross fixed capital formation (% of GDP),NE.GDI.FTOT.ZS,38.3472354348279,20.1153855440596,31.9065919924022,36.7293171165447,36.0555222491949,35.893897051663,37.7956906742438,37.9198508262628,38.0702469821882,36.3847418200197,33.9492974767645,32.7089102886875,28.4284718608957,29.3662326698569,26.4886769391909,26.0795576173676,24.1586735516607,24.4134902778833,24.3679312234674,24.5765033636177,23.862626974036,22.3132984158928,22.6495060386901,24.3536146099874,23.930360947052
Albania,ALB,"Unemployment, total (% of total labor force) (modeled ILO estimate)",SL.UEM.TOTL.ZS,,,"19,028","18,575","17,895","16,989","16,31","15,97","15,63","15,97","13,06","13,67","14,09","13,48","13,38","15,87","18,05","17,19","15,42",,,,,,
North Macedonia,MKD,General government final consumption expenditure (% of GDP),NE.CON.GOVT.ZS,..,,16.9308977421716,23.8322774403411,20.7524914823595,18.0793021057411,17.4050700533502,16.1849523581037,16.5105722135945,16.803123717782,18.5832389308009,19.0756882172195,18.2905857817131,18.1203224569461,18.6480481162538,17.504796858282,17.1123379786252,16.9763522579676,15.4300221084575,,,,,,
North Macedonia,MKD,GDP per capita (constant 2015 US$),NY.GDP.PCAP.KD,..,2954.5238308875,3283.37934095351,3169.32514368931,3240.11064526089,3301.31361922323,3445.80843699925,3600.95390451686,3779.67672714493,4017.79390926417,4230.73498999821,4207.80679229371,4339.9663336969,4433.88946223239,4408.29842132998,4530.68414622156,4687.29849775791,4861.55615984223,4994.56120070716,5043.6945185295,5184.69680504137,5386.2027499932,5067.21588735157,5365.47609852695,5500.39905918291
North Macedonia,MKD,Trade (% of GDP),NE.TRD.GNFS.ZS,..,71.8342589043406,80.1601473580914,71.4782105684389,71.5334846721143,71.0693204909674,80.8704849956907,85.8410034787176,92.5516664675666,106.092966003288,111.570054713298,87.1767537660809,97.8810691156562,113.19191013947,112.214834702155,104.857229956305,112.537928969299,113.698443879103,116.185408418026,124.13728389629,133.215207648008,138.576231840539,128.241258081377,148.468967015541,170.818251050312
North Macedonia,MKD,"Population, total",SP.POP.TOTL,1988682,1996869,2026350,2034882,2020157,2026773,2032544,2036855,2040228,2043559,2046898,2050671,2055004,2058539,2061044,2064032,2067471,2070226,2072490,2074502,2076217,2076694,2072531,2065092,2057679
North Macedonia,MKD,"Inflation, consumer prices (annual %)",FP.CPI.TOTL.ZG,..,1.29436487155048,6.60742291038535,5.19888525744053,2.31459794083216,0.855562122724249,-0.448650206552057,0.52551595071433,3.21362929606349,2.25175798305448,8.33189666968097,-0.739633963061138,1.50997522027615,3.90475422069738,3.31605566687646,2.78500056726115,-0.281705032928538,-0.299920475631447,-0.239290787684491,1.3516188967744,1.45831298507127,0.766439573459688,1.20007348888482,3.23074912132919,14.2047173195833
North Macedonia,MKD,GDP growth (annual %),NY.GDP.MKTP.KD.ZG,..,1.43998133659125,4.54913578288874,-3.06725662451662,1.49366547202928,2.22260165732409,4.67408957960916,4.72408864201974,5.13702516153505,6.47348685752347,5.47200139015595,-0.358614856979671,3.35875085773812,2.33988604520331,-0.456183223607937,2.92525766450484,3.62912351276373,3.85586514041738,2.84820519363306,1.08177273813243,2.88059670964267,3.91041953840173,-6.11088671102702,5.5060164611849,2.14665647284551
North Macedonia,MKD,"Agriculture, forestry, and fishing, value added (% of GDP)",NV.AGR.TOTL.ZS,..,10.4323128542443,10.0962814603895,9.74511971409667,10.1701207745349,11.5387764520235,11.5539948572935,9.73619454882038,8.98936805638514,8.93241688545385,11.4435151485936,10.3701684908181,10.1206048077275,9.35099292094117,9.10471970396591,10.0274760854448,10.1775672771312,9.72691849418736,9.17290831294816,7.87324504211252,8.47039846991427,8.13229139447626,8.56904257773164,7.2493277727496,8.1240004472683
North Macedonia,MKD,"Industry (including construction), value added (% of GDP)",NV.IND.TOTL.ZS,..,28.2036029806351,21.4063367196738,20.5865455856541,19.3780672207161,22.4884068866443,21.0384420875685,20.3620070871171,21.6625851152789,20.5809235456128,19.5331292631782,18.9727028474128,21.0422688522191,21.5924220032487,21.0808587045723,22.1404647622691,22.822578658191,23.9221832208017,23.9630460915105,24.2589458765972,24.0504298826712,23.7034834116039,22.7433488020449,22.3548655980999,22.949505687219
North Macedonia,MKD,Total natural resources rents (% of GDP),NY.GDP.TOTL.RT.ZS,..,0.556824232687975,0.416376119896184,0.240279102689032,0.2486522972454,0.284074310222365,0.529949571288064,0.472471662771118,2.22591304574127,5.5649093281405,0.94997727771704,0.785735826282886,1.48054751512056,1.31901217415565,1.17381157835713,1.1286016514686,1.18602847424584,0.935040215942746,0.866322047138143,0.804308286542463,0.424659195176793,0.146172211539348,0.144963330218282,0.136921063560563,..
North Macedonia,MKD,Adjusted savings: education expenditure (% of GNI),NY.ADJ.AEDU.GN.ZS,5,4.9026266,4.08563936134367,3.6771457420155,3.26865212268744,3.26865212268744,3.26865212268744,3.26865212268744,3.26865212268744,3.26865212268744,3.26865212268744,3.26865212268744,3.26865212268744,3.26865212268744,3.26865212268744,3.26865212268744,3.26865212268744,3.26865212268744,3.26865212268744,3.26865212268744,3.26865212268744,3.26865212268744,3.26865212268744,..,..
North Macedonia,MKD,"School enrollment, primary (% gross)",SE.PRM.ENRR,..,98.784538269043,100.817810058594,99.1572570800781,95.9773330688477,93.636848449707,91.9273071289062,91.2063522338867,89.5463180541992,88.8903579711914,83.6424713134766,82.766357421875,82.3444137573242,..,84.8919830322266,90.2875900268555,92.2433319091797,95.640983581543,..,94.1217575073242,94.3331985473633,92.5117721557617,92.2419128417969,92.1178970336914,..
North Macedonia,MKD,"School enrollment, secondary (% gross)",SE.SEC.ENRR,..,77.0439834594727,79.8555908203125,81.1987380981445,81.4050979614258,82.1065826416016,82.1223297119141,82.3339996337891,..,81.9530487060547,81.3362274169922,80.6096801757812,81.1895370483398,..,79.886100769043,77.3730010986328,76.0780410766602,76.6975479125977,..,77.6726379394531,77.0979690551758,77.2823104858398,77.5403213500977,80.1349792480469,..
North Macedonia,MKD,"School enrollment, tertiary (% gross)",SE.TER.ENRR,22.6133708953857,21.2325000762939,23.3065490722656,24.5885200500488,26.6909408569336,26.9667701721191,27.4246597290039,29.0530300140381,28.5933895111084,34.5610008239746,39.1393508911133,39.420539855957,37.7205505371094,..,39.6751708984375,38.5747909545898,38.7814712524414,41.060920715332,..,40.9570503234863,40.9259605407715,39.7398986816406,40.4296417236328,40.5491714477539,..
North Macedonia,MKD,"Life expectancy at birth, total (years)",SP.DYN.LE00.IN,70.021756097561,72.4463414634146,72.9463414634147,73.4365853658537,73.0390243902439,73.2414634146342,73.5975609756098,73.6975609756098,73.8951219512195,73.8,74.4,74.4463414634146,74.9975609756098,75.1,74.9024390243903,75.4,75.4512195121951,75.4024390243902,75.4,75.9536585365854,76.6487804878049,76.6024390243903,74.3951219512195,74.5368292682927,..
North Macedonia,MKD,Net barter terms of trade index (2015 = 100),TT.PRI.MRCH.XD.WD,..,..,102.628846177,101.6776604991,100.7362561507,99.1020635863,98.5474004554,97.8117675389,97.0081911242,97.2008837309,94.8365087345,98.5066465406,95.3870775799,88.7932301561,89.4929614291,91.500768294,93.8682220428,100,99.4115671039,98.0267004118,96.9786414263,97.1477293984,96.448827818,87.8565523074,..
North Macedonia,MKD,"Foreign direct investment, net inflows (% of GDP)",BX.KLT.DINV.WD.GD.ZS,..,0.402250343703204,5.76504703955324,12.6581342432854,2.84178887680528,2.40668450784968,5.43989732788867,2.3220773944511,6.22985638168235,8.79828555649059,6.17271453497226,2.76045082206623,3.20438207503729,4.83981702288781,3.46744163927687,3.72036772726215,0.535807903428255,2.94702779153329,5.14755489783813,3.36726560053613,5.11494871186831,4.35892493383855,0.0622293815454597,5.03618819901225,6.41748412768027
North Macedonia,MKD,Gross fixed capital formation (% of GDP),NE.GDI.FTOT.ZS,..,16.4752661463843,20.4278371660916,22.1289813901336,21.4219142164351,20.1928587910411,21.3269180087326,19.1712028322532,20.1830725122447,22.7536880948486,25.8393791125359,24.6361746361746,23.1417621016428,23.6222117857928,23.445531740743,23.7842479741617,23.4910382445307,23.9066184337173,24.4442202775746,22.557943135967,20.03198774963,21.0422372138482,21.5912565160689,22.5414934422791,..
North Macedonia,MKD,"Unemployment, total (% of total labor force) (modeled ILO estimate)",SL.UEM.TOTL.ZS,,,"32,2","30,52","31,94","36,69","37,16","37,32","36,03","35,23","33,93","32,35","33,13","31,5","31,2","29,14","28,38","26,43","24,3",,,,,,
Serbia,SRB,General government final consumption expenditure (% of GDP),NE.CON.GOVT.ZS,..,,19.3421885756782,21.5064821912703,24.0469316197897,24.1865483958673,22.6335104327748,19.5122005365667,20.3894381134531,20.7358087224645,20.1252511350826,19.5138780699612,19.1387460452074,18.9415172180259,18.9742943276531,17.8982496409662,18.0534585764353,16.4115098969173,15.9976656466348,,,,,,
Serbia,SRB,GDP per capita (constant 2015 US$),NY.GDP.PCAP.KD,..,3180.51332310152,3193.25900294056,3418.78954035622,3640.27502690207,3808.09410250362,4161.59520343493,4404.95987537627,4648.19702000642,4967.61971551375,5270.95832317372,5147.56897325867,5206.08676066596,5354.20042915943,5343.57882527263,5524.96786533256,5462.73477497385,5588.9794435877,5805.89806200667,5959.52130391171,6261.52570046486,6567.90805482597,6552.08439071824,7113.57524471935,7353.61357994742
Serbia,SRB,Trade (% of GDP),NE.TRD.GNFS.ZS,..,34.5576722037375,22.492177408771,56.5478134250637,56.866386898894,61.1703494982451,74.2297740270358,73.0169295534697,76.9079500160153,75.6051952539642,78.679488043902,66.021819804527,76.7311680529264,78.8090391777838,85.4708270968796,87.920271381138,92.2314185257064,97.3957666573256,101.860024969348,107.527719112101,109.494865710998,111.954597500673,104.719014896836,116.762509683064,137.636391013925
Serbia,SRB,"Population, total",SP.POP.TOTL,7489000,7596501,7516346,7503433,7496522,7480591,7463157,7440769,7411569,7381579,7350222,7320807,7291436,7234099,7199077,7164132,7130576,7095383,7058322,7020858,6982604,6945235,6899126,6834326,6760087
Serbia,SRB,"Inflation, consumer prices (annual %)",FP.CPI.TOTL.ZG,..,23.307866135801,71.1206287946541,95.0052258100007,19.4908321579689,9.87617889729578,11.0263627183464,16.1199806482826,11.7240229980834,6.3917064439141,12.410986775178,8.1169509223808,6.14255360247246,11.1373976342129,7.33038589596636,7.69426362896666,2.08244793880151,1.39235822000187,1.12231397417765,3.13106248590119,1.95984076293803,1.8492298451109,1.57553290083409,4.08510285335103,11.9815117344703
Serbia,SRB,GDP growth (annual %),NY.GDP.MKTP.KD.ZG,..,7.2073798394178,6.13181308953254,6.87877476506638,6.38040530400453,4.38775702299594,9.02819692829154,5.53034712145433,5.10779014122984,6.43952555416212,5.6555766215919,-2.73175198917728,0.73104455254213,2.0362766886403,-0.68154236933475,2.89263673355808,-1.58951031990257,1.80605926509682,3.33858676542988,2.10116384741241,4.4951212927627,4.33173490608283,-0.903218501520755,7.54991253537386,2.25144856461867
Serbia,SRB,"Agriculture, forestry, and fishing, value added (% of GDP)",NV.AGR.TOTL.ZS,..,16.809556338274,17.0700337770164,14.6527433773628,9.76714770289036,8.08546053932473,8.53045466312612,6.73938784089607,6.81756263747489,6.11903607515845,7.44473841981592,7.20148892472172,6.60245907401239,7.4451509199238,6.43465811897504,7.41421637318177,7.06588326034416,6.7138523841046,6.81115126768369,6.01415375732373,6.34278337092698,5.95441634483779,6.34335002788481,6.29298408450434,6.75186421554444
Serbia,SRB,"Industry (including construction), value added (% of GDP)",NV.IND.TOTL.ZS,..,31.7599110977023,35.2930449738556,32.8838717324987,31.7264962102196,30.0019850832963,30.2819405548941,29.1411250228226,28.7369168742211,28.201302518669,27.6082264861354,24.9016467322634,25.2868525392674,26.6611107829084,27.0061224003971,26.8398123439866,25.237090734551,25.7972639016956,25.82012701361,26.0821737806548,25.4975160125341,25.5981107412518,24.9023559312384,24.9983808065231,23.113988082407
Serbia,SRB,Total natural resources rents (% of GDP),NY.GDP.TOTL.RT.ZS,..,0.333527259917736,2.33274311334293,1.50240352241228,0.628709984358027,0.535968883702967,1.75377809041674,1.24346302195652,1.500776590768,1.55422939890246,2.85101542369955,1.29420135500539,2.51068899120357,3.35044641406988,2.77478070010415,2.05963239192195,1.89442302636645,1.27718856590432,1.17155898842791,1.52263044010001,1.54067953539602,1.19461693747908,0.947608509343353,1.74631766481948,..
Serbia,SRB,Adjusted savings: education expenditure (% of GNI),NY.ADJ.AEDU.GN.ZS,4.39,4.39,4.39,4.39,4.39,4.39,4.39,4.39,4.39,4.39,4.65,4.7,4.58,4.48,4.19576379855919,4.10045342473404,4.00514305090889,3.89633238621636,3.72397738722624,3.76380768786049,3.65367475140406,3.65367475140406,3.65367475140406,..,..
Serbia,SRB,"School enrollment, primary (% gross)",SE.PRM.ENRR,..,..,98.1482086181641,102.129821777344,101.537063598633,100.547866821289,100.697036743164,101.390830993652,100.22770690918,98.9300308227539,99.4249725341797,97.8777770996094,96.9088897705078,96.3035125732422,101.054878234863,100.483947753906,100.391342163086,100.199882507324,99.7313919067383,99.783332824707,99.9011306762695,99.4916076660156,97.7180099487305,96.4337997436523,96.618049621582
Serbia,SRB,"School enrollment, secondary (% gross)",SE.SEC.ENRR,..,..,86.9007873535156,89.0799102783203,87.9999618530273,87.4443130493164,87.0239562988281,87.7227401733398,88.0383834838867,88.6113967895508,89.4542236328125,90.6218185424805,90.4618682861328,90.2753982543945,93.0326080322266,93.5562515258789,93.5402526855469,95.9241790771484,95.7500305175781,95.2289810180664,94.9233169555664,94.3028564453125,92.1423492431641,91.9302291870117,91.4587631225586
Serbia,SRB,"School enrollment, tertiary (% gross)",SE.TER.ENRR,..,..,..,37.6635208129883,35.6235809326172,39.5400581359863,40.9230995178223,44.0297203063965,46.5490989685059,47.6798286437988,48.1993103027344,49.0755386352539,48.4908905029297,49.911548614502,52.8511810302734,55.7131996154785,57.6229782104492,57.9373207092285,61.4245681762695,65.6561813354492,66.0524826049805,66.6146621704102,66.8844833374023,68.7404479980469,69.6912078857422
Serbia,SRB,"Life expectancy at birth, total (years)",SP.DYN.LE00.IN,68.3783414634146,71.5843658536585,71.5829268292683,72.2341463414634,72.2853658536585,72.4365853658537,72.6829268292683,72.8341463414634,73.3853658536585,73.6317073170732,73.8853658536585,73.9853658536585,74.3365853658537,74.5365853658537,74.8365853658537,75.1853658536585,75.3365853658537,75.2878048780488,75.6878048780488,75.5390243902439,75.890243902439,75.9365853658537,74.4780487804878,72.7307317073171,..
Serbia,SRB,Net barter terms of trade index (2015 = 100),TT.PRI.MRCH.XD.WD,..,..,..,..,..,..,..,..,..,..,95.3039256672,98.1477055701,97.8790805119,97.0674202517,96.6381768112,95.9506821257,95.9239067854,100,101.5442371509,99.5269969598,97.7905201595,98.9207385897,100.9091979528,97.1794237013,..
Serbia,SRB,"Foreign direct investment, net inflows (% of GDP)",BX.KLT.DINV.WD.GD.ZS,..,..,..,..,..,..,..,..,..,10.2457521056537,7.77058852051005,6.48591448744733,4.04895225075509,10.0095789398861,2.94472813454546,4.25525297815994,4.24871572562383,5.90867133839822,5.78781171105959,6.55200660992173,8.04076178686372,8.28646413033956,6.53301411891524,7.29237369567931,7.23287382196691
Serbia,SRB,Gross fixed capital formation (% of GDP),NE.GDI.FTOT.ZS,..,11.6961591388018,12.2016075741563,12.2032647108474,15.1181893222239,17.1473426145633,19.5412319199384,19.4371485508431,21.2009520619251,23.7695767636598,23.7066085526742,18.6935180302447,17.6755000713257,17.5072183210398,20.2063254734265,16.4738150794033,15.949971500152,16.9705825724486,17.0597209009627,17.7367847628023,20.0409577719174,22.4647879959378,21.4395617959104,23.1013782259091,22.8426216324073
Serbia,SRB,"Unemployment, total (% of total labor force) (modeled ILO estimate)",SL.UEM.TOTL.ZS,,,"12,6","12,8","13,8","15,2","18,5","20,85","20,85","18,06","13,7","16,14","19,22","22,97",24,"22,15","19,22","17,66","15,26",,,,,,
Montenegro,MNE,General government final consumption expenditure (% of GDP),NE.CON.GOVT.ZS,..,..,21.9348052311206,25.1706804827389,24.8608265648696,26.7646848479069,26.3050947338666,29.9405948449416,19.1080594885116,19.8822071690154,22.217990211811,21.8605518045777,22.0934117097428,21.0627910417268,21.0949191208989,19.4768981594245,19.3727620229722,19.1958871663303,19.6117203629952,,,,,,
Montenegro,MNE,GDP per capita (constant 2015 US$),NY.GDP.PCAP.KD,..,4488.79251659486,4431.59838848296,4462.34780507364,4529.12117825919,4623.0738928582,4819.14559618173,5013.19354613732,5435.88366763064,5798.06224980216,6205.81833214132,5833.65680393684,5982.19647463471,6168.84548867328,5995.77163480183,6202.50378943662,6307.01559868803,6517.18961381857,6707.84725932128,7023.43051268611,7381.80417286363,7684.18036247051,6515.53374505326,7390.30464581964,7879.49013164319
Montenegro,MNE,Trade (% of GDP),NE.TRD.GNFS.ZS,..,..,87.9252021443203,100.409386075314,95.2294000160253,77.5983890107329,100.109654967142,104.625139256659,117.994735505471,128.746158606061,132.340271682179,99.4250282074869,99.7803263266018,106.658853993576,111.766044513287,102.770930155442,100.127619998369,102.688977351832,103.672918902679,105.554964991437,109.609296759902,108.8445840579,87.0060222391651,105.029993243347,128.651138109713
Montenegro,MNE,"Population, total",SP.POP.TOTL,600884,609520,604950,607389,609828,612267,613353,614261,615025,615875,616969,618294,619428,620079,620601,621207,621810,622159,622303,622373,622227,622028,621306,619211,616159
Montenegro,MNE,"Inflation, consumer prices (annual %)",FP.CPI.TOTL.ZG,..,..,..,..,..,..,..,..,2.92451258123646,4.34712215656114,8.75872769588797,3.46672373207794,0.65494657014848,3.45014311248693,4.14524724981109,2.20589268141181,-0.71051405171022,1.54869158222488,-0.27138502338526,2.38023599053136,2.61122378263797,0.361563704540798,-0.255655699848551,2.41080198403167,13.0403036347004
Montenegro,MNE,GDP growth (annual %),NY.GDP.MKTP.KD.ZG,..,..,3.10000005928039,1.09983870937067,1.9039367333292,2.48265922878484,4.42605071745102,4.18060450885476,8.56641802964207,6.81015012526991,7.22275259212526,-5.79509699477244,2.73433108233829,3.22845102061061,-2.72379077130623,3.54897991245058,1.78369858106701,3.39038139712073,2.94928032097511,4.71646527572034,5.0778888113381,4.06294499167197,-15.3068937570407,13.0434642521552,6.0937763565758
Montenegro,MNE,"Agriculture, forestry, and fishing, value added (% of GDP)",NV.AGR.TOTL.ZS,..,..,11.3018779223777,10.8112052258109,10.923782282981,9.91498733882161,9.2619220581357,8.75765980493599,8.21140388518037,7.22907202632229,7.44048654800711,8.26818389210544,7.67808287121331,8.07294578104933,7.45245054419692,8.03466250069517,8.09983568166084,8.06118573423757,7.46823893104366,6.85389074108922,6.73223778878135,6.39384192595791,7.55489215188015,6.46148344458535,6.3492871277598
Montenegro,MNE,"Industry (including construction), value added (% of GDP)",NV.IND.TOTL.ZS,..,..,21.2590046532839,22.3143207912841,21.5953506185527,19.3294873017387,18.9729443885822,17.341544930727,17.6826544999168,17.0029838668892,17.694787409146,17.3487567662897,17.1484021260188,15.0942130574761,14.8905052590353,15.457247193367,14.3036482604292,14.3534622406494,15.6549775277603,14.8613741835193,15.9341257910459,16.1294424300223,17.2946808842072,14.8354952739754,13.0420246755041
Montenegro,MNE,Total natural resources rents (% of GDP),NY.GDP.TOTL.RT.ZS,..,..,0,0,0,0.0744036174229074,0.255159492728589,0.642225982273086,1.02392931506709,0.953270459073836,1.5026500197436,0.376838225796534,1.13777818472308,1.44368759270254,0.935069599243676,0.672962195676965,0.781260837765096,0.731313641257514,0.837536371542947,1.33941998042343,0.837441665171651,0.616491593549262,0.723002993565649,0.637197671980386,..
Montenegro,MNE,Adjusted savings: education expenditure (% of GNI),NY.ADJ.AEDU.GN.ZS,..,..,..,..,..,..,..,..,..,..,..,..,..,..,..,..,..,..,..,..,..,..,..,..,..
Montenegro,MNE,"School enrollment, primary (% gross)",SE.PRM.ENRR,..,..,..,..,..,102.509490966797,103.429573059082,107.509033203125,111.652297973633,115.35604095459,118.400192260742,112.228981018066,106.682800292969,96.4229888916016,97.3630065917969,..,..,98.4802780151367,97.7088012695312,98.265022277832,99.6044998168945,99.6049880981445,99.9897003173828,99.9765396118164,100.693969726562
Montenegro,MNE,"School enrollment, secondary (% gross)",SE.SEC.ENRR,..,..,..,..,..,88.1354370117188,89.0371322631836,90.8561325073242,92.4100189208984,93.2786712646484,93.524528503418,95.8918609619141,98.6607894897461,91.846549987793,91.3337783813477,..,..,91.1864013671875,90.0712432861328,90.4158401489258,91.2732009887695,91.4947280883789,91.9045486450195,92.6106262207031,91.2607498168945
Montenegro,MNE,"School enrollment, tertiary (% gross)",SE.TER.ENRR,..,..,15.8997602462769,16.3882808685303,15.4743700027466,16.2060699462891,18.8849792480469,21.4735698699951,25.560619354248,32.6951789855957,40.4542503356934,48.9943504333496,52.7426300048828,57.0169715881348,57.5805816650391,56.9951095581055,59.4619216918945,60.3350410461426,56.3024101257324,58.3580207824707,56.4022407531738,54.9641799926758,56.8306694030762,56.8281402587891,56.0675506591797
Montenegro,MNE,"Life expectancy at birth, total (years)",SP.DYN.LE00.IN,72.7682682926829,73.4790731707317,73.8184878048781,74.0694146341464,73.9064878048781,73.9317317073171,74.5639512195122,73.9829268292683,73.8390243902439,74.3390243902439,75.1365853658537,75.1439024390244,75.990243902439,75.9829268292683,76.2,76.490243902439,76.4414634146341,76.4487804878049,76.4414634146341,76.4853658536585,76.8414634146342,76.6829268292683,75.9317073170732,73.8243902439024,..
Montenegro,MNE,Net barter terms of trade index (2015 = 100),TT.PRI.MRCH.XD.WD,..,..,..,..,..,..,..,..,..,..,..,..,..,..,..,..,..,..,..,..,..,..,..,..,..
Montenegro,MNE,"Foreign direct investment, net inflows (% of GDP)",BX.KLT.DINV.WD.GD.ZS,..,..,..,..,..,..,..,..,..,25.466751541088,21.454940864611,37.2724834925981,18.3021324063895,12.2493276902727,15.1222660796968,9.99730910437526,10.8186658358039,17.2602370733883,5.17948489220304,11.5443966462508,8.8189219330457,7.53492968014838,11.1300526425087,11.8356908383667,14.3139429384317
Montenegro,MNE,Gross fixed capital formation (% of GDP),NE.GDI.FTOT.ZS,..,..,16.8735262020514,17.5029920238435,14.6223811025521,13.2988726783425,17.1322860515408,17.9796186654061,22.8193852497362,32.8785390654517,39.2158492871533,27.3486031198249,21.6422887020854,19.510956477632,19.7503235132613,20.1666567037851,19.0034072486308,20.1470675154439,24.7451325320949,26.9220400312531,29.2492381726437,27.3054000444017,27.8598086255178,22.1219240881545,21.7244595731996
Montenegro,MNE,"Unemployment, total (% of total labor force) (modeled ILO estimate)",SL.UEM.TOTL.ZS,,,"28,803","29,012","29,336","29,66","30,028","30,31","24,966","19,4","17,15","19,09","19,65","19,76","19,81","19,59","18,05","17,55","17,73",,,,,,
Bosnia and Herzegovina,BIH,General government final consumption expenditure (% of GDP),NE.CON.GOVT.ZS,..,..,24.6018002585722,23.4054327322173,23.4374019748903,22.7986171379887,21.9062313308463,21.6563079324931,20.9748145091411,21.0804736907477,22.0814076557873,23.4615267610885,23.1270966380596,23.0899893417252,23.3654292280655,22.8257774801621,22.8610441376188,21.9698075332043,20.9094500085164,,,,,,
Bosnia and Herzegovina,BIH,GDP per capita (constant 2015 US$),NY.GDP.PCAP.KD,..,1846.15289259439,2554.56463864982,2606.7509098968,2735.535836571,2851.2741237651,3061.55203983987,3218.5948478311,3423.1246696844,3669.01752917647,3932.01611003654,3878.44124366682,3980.443103838,4091.58270423865,4133.90355152957,4297.49435675117,4403.6747965475,4654.60955224718,4865.35226465379,5082.99827149914,5339.47813723954,5558.08255264153,5459.22072225122,5947.82050897417,6251.10331522426
Bosnia and Herzegovina,BIH,Trade (% of GDP),NE.TRD.GNFS.ZS,..,100.630964756317,85.3577431341788,86.0357326558687,78.727479488695,80.5694572639365,81.8126836247759,84.3554628217984,79.8299477752016,83.551858889163,86.1628798430504,73.7474942255023,80.9682159626823,87.8363477136556,88.1451088628529,87.9312413116757,90.5522806874185,88.2919899320518,88.2440351733447,96.6458790206525,98.4320911961869,94.5161278874242,82.1112652572898,96.0650872624867,107.140049313854
Bosnia and Herzegovina,BIH,"Population, total",SP.POP.TOTL,4349597,4047748,4179350,4194932,4198410,4183757,4142860,4094297,4058086,4007876,3943392,3877750,3811088,3743142,3674374,3617559,3571068,3524324,3480986,3440027,3400129,3360711,3318407,3270943,3233526
Bosnia and Herzegovina,BIH,"Inflation, consumer prices (annual %)",FP.CPI.TOTL.ZG,..,..,..,..,..,..,..,..,6.12556615620285,1.50077710611539,7.42704310332954,-0.38146428245309,1.99621236745889,3.67124999999999,2.0526745200172,-0.093045683831828,-0.897194054194286,-1.03602303425476,-1.58409999999997,0.810133321953047,1.41710814018026,0.562782154061303,-1.05129600763481,1.98163900587616,14.0208440826771
Bosnia and Herzegovina,BIH,GDP growth (annual %),NY.GDP.MKTP.KD.ZG,..,34.3895740516872,12.7654694578883,2.42331317180992,5.02744420733983,3.8671387951343,6.32526616861466,3.89717798992193,5.41400357079434,5.85712634217094,5.44383103450177,-3.00445593013346,0.865669260237084,0.959511247241267,-0.821836474216894,2.3498566632458,1.15385109200403,4.31475061116335,3.24225521171914,3.24410095889466,3.82749920546897,2.88734334414875,-3.01509514759861,7.39165262555947,3.89680774245646
Bosnia and Herzegovina,BIH,"Agriculture, forestry, and fishing, value added (% of GDP)",NV.AGR.TOTL.ZS,..,17.5180457264676,9.00146376331907,9.12057740305993,8.87350362815024,8.10501842544062,8.58349505778716,8.29736825390212,8.05428927250657,7.70495340963332,7.20727201234942,7.07660163466849,6.79676215913764,6.75774539555131,6.13767155368512,6.84139112671187,5.95105769918674,6.03756695112693,6.16558905049231,5.43104998511606,5.71878249130791,5.45004218122409,5.91443990580606,5.02318404437786,4.71202605332016
Bosnia and Herzegovina,BIH,"Industry (including construction), value added (% of GDP)",NV.IND.TOTL.ZS,..,25.2176237420683,21.5373916859689,20.9376174163641,19.8153865976587,19.8200801927973,20.2334920339996,21.4328391329964,21.0300824020691,21.7724374056523,23.2014104320358,22.9076469417103,22.4540096321725,22.1932597066813,21.6232008180939,22.3236757020136,22.156369823245,21.7264560489569,22.3443500361225,23.1210738626282,23.7113591895767,23.2037923056831,23.7775609403246,24.773608699072,25.2148482558646
Bosnia and Herzegovina,BIH,Total natural resources rents (% of GDP),NY.GDP.TOTL.RT.ZS,..,1.91036737563414,1.2556172695724,1.32134721307544,0.876972619924244,0.823756269015972,1.70617299249607,1.83045077708021,1.64395598738016,2.12464876712097,3.63776732743269,1.45852244978434,2.72228942887324,3.52625270170032,2.2205854902667,1.76161048085692,1.23632273750299,1.0186279504412,1.04695668588363,1.28162139967933,1.05259180342277,0.800756928062343,0.7812488464624,0.813398711441269,..
Bosnia and Herzegovina,BIH,Adjusted savings: education expenditure (% of GNI),NY.ADJ.AEDU.GN.ZS,..,..,..,..,..,..,..,..,..,..,..,..,..,..,..,..,..,..,..,..,..,..,..,..,..
Bosnia and Herzegovina,BIH,"School enrollment, primary (% gross)",SE.PRM.ENRR,..,..,..,..,..,..,..,..,..,110.146438598633,107.445472717285,108.244560241699,88.5761795043945,88.9700088500977,89.0230484008789,88.8709106445312,89.467658996582,91.1704864501953,90.997673034668,91.3840866088867,90.6376724243164,90.1631317138672,88.8544692993164,88.2447814941406,87.8222198486328
Bosnia and Herzegovina,BIH,"School enrollment, secondary (% gross)",SE.SEC.ENRR,..,..,..,..,..,..,..,..,..,81.035530090332,85.0679168701172,86.3446578979492,83.7172470092773,84.51416015625,85.3761291503906,84.7301177978516,84.6013412475586,83.0699996948242,82.9606018066406,84.2743606567383,86.1026916503906,85.8158111572266,85.2992401123047,84.969841003418,85.2915191650391
Bosnia and Herzegovina,BIH,"School enrollment, tertiary (% gross)",SE.TER.ENRR,..,..,15.8103504180908,17.2063007354736,17.4088096618652,19.2174396514893,21.4100608825684,24.6647491455078,27.6716403961182,31.3900508880615,34.5916786193848,36.3721618652344,37.2449798583984,39.7756309509277,41.8755912780762,47.2628288269043,48.9852485656738,48.6234397888184,48.668140411377,46.4159202575684,43.1571083068848,41.597038269043,40.8813400268555,43.5776786804199,44.6326713562012
Bosnia and Herzegovina,BIH,"Life expectancy at birth, total (years)",SP.DYN.LE00.IN,71036,73686,74496,75.06,74612,75782,76133,75.42,76247,76161,76838,76976,77073,77007,77191,76.33,75659,76182,76808,76935,77093,77241,76225,75.3,..
Bosnia and Herzegovina,BIH,Net barter terms of trade index (2015 = 100),TT.PRI.MRCH.XD.WD,..,..,95.6887985011,95.4429797287,96.5425479319,97.4553739045,97.4553010853,97.4025931115,100.4727949086,99.3726428027,97.5007954634,97.5498585552,99.0163827845,99.1687010751,96.7359343239,96.0902190392,96.2669900282,100,100.4922452836,100.6222713376,102.3475341548,102.2941577948,103.4242040382,111.7035902517,..
Bosnia and Herzegovina,BIH,"Foreign direct investment, net inflows (% of GDP)",BX.KLT.DINV.WD.GD.ZS,..,..,2.62359085675143,2.04280386987909,3.97979835063917,4.49216881905946,8.75886055278288,5.55844408672237,6.57577340398568,11.6737620796853,5.25748502013726,0.78637131549382,2.58402373629175,2.52952663565273,2.27539877487137,1.72337975992786,2.93590299470294,2.33529256196954,1.8297569999912,2.77975873113522,2.93781436628221,2.18661435284952,2.14087354902648,2.69925008071449,2.63011257649816
Bosnia and Herzegovina,BIH,Gross fixed capital formation (% of GDP),NE.GDI.FTOT.ZS,..,34.216556884342,30.5278939973792,28.4130674283579,28.3158652140849,27.1544287801078,26.2934767916098,28.6636935754666,22.7307766579834,26.8043267754039,28.7700418274311,23.7063316890471,20.759890558597,21.9769289026201,21.8665120566601,21.0236645065711,22.8936206008283,20.8749599825484,20.4700634402131,21.6524034242387,22.4203691913626,22.7166807770989,22.1116678201234,21.3959941972638,..
Bosnia and Herzegovina,BIH,"Unemployment, total (% of total labor force) (modeled ILO estimate)",SL.UEM.TOTL.ZS,,,"26,189","26,537","27,554","28,371","29,393","30,136","31,11","28,98","23,41","24,07","27,31","27,58","28,01","27,49","27,52","27,69","25,41",,,,,,
Croatia,HRV,General government final consumption expenditure (% of GDP),NE.CON.GOVT.ZS,..,,22.1778244947204,20.1424418323038,19.9280315633272,19.3434743584725,19.4249332090164,19.3041338007014,19.2201074721013,19.9896816428811,19.6152139204756,21.5532144599665,21.5851115541275,21.8227875929515,21.8363629340698,21.6895893151498,22.0042605153889,21.2823127070556,20.8168432795152,,,,,,
Croatia,HRV,GDP per capita (constant 2015 US$),NY.GDP.PCAP.KD,..,8378.52797107712,8876.8899057196,9512.22708830643,10060.2012440962,10620.0810672777,11061.1953169624,11522.9456703891,12086.8073800313,12689.1965873685,12944.7547237788,12026.2051374857,11906.0056560854,11936.8359731427,11694.1987897069,11680.1610809711,11677.4817490531,12071.090955025,12588.3531732362,13175.1632358668,13665.7144097299,14211.7554309381,13048.7442926305,15396.1088534805,16477.0824193341
Croatia,HRV,Trade (% of GDP),NE.TRD.GNFS.ZS,..,74.8939322042029,74.5510561886671,79.4071819249649,81.1181985145369,81.4533524486802,81.5810551079296,81.4378271809084,83.579870677776,83.4152239512304,82.2376421587534,70.1297746958241,72.9830609015537,78.140371052852,79.4638592918145,81.5148751063395,85.7708265779572,91.1640521563229,92.6306498209637,97.6347877192753,99.6643267555772,101.600508370748,89.9854000108929,104.026529462554,125.916806518417
Croatia,HRV,"Population, total",SP.POP.TOTL,4680285,4534920,4468302,4299642,4302174,4303399,4304600,4310145,4311159,4310217,4309705,4305181,4295427,4280622,4267558,4255689,4238389,4203604,4174349,4124531,4087843,4065253,4047680,3879000,3854000
Croatia,HRV,"Inflation, consumer prices (annual %)",FP.CPI.TOTL.ZG,..,4.17066155321187,4.611315547378,3.7767024666589,1.67178437393382,1.76733780760626,2.05539679050332,3.31717824448043,3.1898259147295,2.89928275583392,6.07696838798351,2.37852845904674,1.03055505333573,2.27272727272727,3.41207349081366,2.2165820642978,-0.215196159576215,-0.464499004645002,-1.12500000000001,1.12937210282344,1.50012501041753,0.771820346498083,0.154811374562028,2.55450699642046,10.7805806758686
Croatia,HRV,GDP growth (annual %),NY.GDP.MKTP.KD.ZG,..,6.17852386552794,2.95879821960648,3.11246150800277,5.82301562722243,5.59535310355051,4.18265382626039,4.30869993007165,4.91805875807488,4.96091783727972,2.00186402121565,-7.1934447594569,-1.22377948197983,-0.0866137790413148,-2.33166164485883,-0.397827665127963,-0.429360585931008,2.52229227745173,3.55935948219464,3.41246782244542,2.80067619923258,3.42100553041571,-8.58034302106221,13.0722049215981,6.33133629634182
Croatia,HRV,"Agriculture, forestry, and fishing, value added (% of GDP)",NV.AGR.TOTL.ZS,..,5.24229751160589,4.9688190669049,4.96367720581477,4.84213912847985,3.93489524232535,4.41566401494393,3.8654241570826,3.98227049958541,3.6977320944386,3.88795238176949,3.99650391188413,3.65280168169916,3.63240903577322,3.29248779773061,3.45344221262418,2.94690472486429,2.96696273046154,3.06143674590226,2.88765227737272,2.95146346740219,2.86504844527145,3.08353100066721,2.90697222073578,2.47857703677429
Croatia,HRV,"Industry (including construction), value added (% of GDP)",NV.IND.TOTL.ZS,..,26.5875974887963,24.2088530766881,23.8087313934906,22.9129825061693,23.3338145532899,24.1379071725418,23.7668236470465,23.4299275011271,22.986866884736,22.8087048151126,22.6523338368951,21.3602529802235,21.5415939780269,21.1378400319548,20.6247232130184,20.816666710794,20.5957778494906,20.5912671391899,20.2021897376626,19.8570185266726,19.9304009531604,20.7103594744752,19.7874578914953,19.5147230687341
Croatia,HRV,Total natural resources rents (% of GDP),NY.GDP.TOTL.RT.ZS,..,0.754704472311057,1.081606511253,1.00782506278861,0.768646694448941,0.697994961736429,0.662508301948664,0.719261359710503,0.92569028122449,0.917435702753136,1.10056698717934,0.778726740521708,0.917408126030443,1.29394046574726,1.2944420673614,1.1084798242986,0.867348745330344,0.698157062296322,0.511310613664342,0.658339390527416,0.773060031000923,0.619466125649912,0.439094632914067,0.681198197003712,..
Croatia,HRV,Adjusted savings: education expenditure (% of GNI),NY.ADJ.AEDU.GN.ZS,3.49,3.49,3.49,3.49,3.49,3.71,3.69,3.73333333333333,3.77666666666667,3.82,4.22,4.15,4.08,4.19,4.31628355595475,4.44256711190955,4.26875913385052,4.09495115579155,3.92114317773258,3.74733519967363,3.74733519967363,3.74733519967363,3.74733519967363,..,..
Croatia,HRV,"School enrollment, primary (% gross)",SE.PRM.ENRR,..,89.1553268432617,..,101.51358795166,100.782028198242,100.987770080566,..,100.140830993652,99.3845520019531,98.8661270141602,97.9028015136719,97.974609375,98.0708236694336,98.0935974121094,98.7156372070312,98.2938537597656,98.3975601196289,98.7308578491211,97.8069686889648,97.9273300170898,97.0717620849609,96.6358032226562,96.3538284301758,95.9421997070312,..
Croatia,HRV,"School enrollment, secondary (% gross)",SE.SEC.ENRR,..,80.5387268066406,..,94.7751998901367,95.021728515625,95.4956436157227,..,99.0768890380859,99.0345077514648,99.0125274658203,98.9992294311523,98.9394226074219,98.8955230712891,99.2656021118164,99.3463897705078,100.908996582031,100.841346740723,100.705940246582,101.128883361816,101.323799133301,101.982528686523,102.133850097656,102.675262451172,102.984100341797,..
Croatia,HRV,"School enrollment, tertiary (% gross)",SE.TER.ENRR,..,26.6596202850342,..,36.3740501403809,39.1618309020996,42.3809814453125,44.0762214660645,47.2947196960449,48.5975112915039,50.530590057373,52.3514518737793,51.9583015441895,57.0685997009277,59.3388595581055,62.0256614685059,66.0589981079102,67.2300872802734,66.2444534301758,66.5588989257812,67.5569534301758,68.3151473999023,68.9623718261719,69.3469772338867,72.3333587646484,..
Croatia,HRV,"Life expectancy at birth, total (years)",SP.DYN.LE00.IN,70.2185365853659,72.4951219512195,72.8078048780488,74.5129268292683,74.7173170731707,74.6139024390244,75.520243902439,75.2446341463415,75.8368292682927,75.7056097560976,75.9121951219512,76.1682926829268,76.4756097560976,76.7756097560976,76.9243902439024,77.1268292682927,77.4780487804878,77.2756097560976,78.0219512195122,77.8268292682927,78.0707317073171,78.4243902439025,77.7243902439024,76.4243902439025,..
Croatia,HRV,Net barter terms of trade index (2015 = 100),TT.PRI.MRCH.XD.WD,..,..,99.8051100626,98.5880396021,97.2568223767,96.742602676,97.4555701808,97.5241218696,98.5435021407,100.4769340884,99.1323750556,99.4149787439,100.174896379,100.4456129494,99.1383086989,98.3352000033,99.0911734801,100,98.9978072268,97.9068047828,96.4431115539,96.8025450962,95.6061621891,96.2334634647,..
Croatia,HRV,"Foreign direct investment, net inflows (% of GDP)",BX.KLT.DINV.WD.GD.ZS,..,2.46773041970385,4.5871158550988,4.49526771746516,3.66548911660005,5.23739258830177,3.13981977497568,4.03046199806919,6.75638346015031,7.85124144910566,7.68138973376365,4.95564515014369,2.63239962018836,1.99518196957643,2.55995593378243,1.62729797749469,5.37000528706014,0.0693264379684056,0.808880758304848,0.806875927313301,2.1437427045927,6.42556802071879,2.16809874881245,6.76922665452247,5.17056577674894
Croatia,HRV,Gross fixed capital formation (% of GDP),NE.GDI.FTOT.ZS,..,21.4759206203133,19.9166577147405,20.4136949506317,22.1270244145547,25.5563167345302,25.4225756501289,25.1760459565521,26.3270703039056,26.5513360942237,27.9084085012918,24.9348368413714,20.9199514791402,19.9120719153384,19.3130439765031,19.3772348806484,18.996649238249,19.2701381363316,19.7518234676954,19.6541149505925,20.0638058698902,21.2871531560539,22.2326620458362,20.7324815649013,20.5360836168338
Croatia,HRV,"Unemployment, total (% of total labor force) (modeled ILO estimate)",SL.UEM.TOTL.ZS,,,"16,06","15,82","15,05","13,92","13,66","12,6","11,13","9,91","8,53","9,2","11,62","13,68","15,93","17,25","17,29","16,18","13,1",,,,,,
Romania,ROU,General government final consumption expenditure (% of GDP),NE.CON.GOVT.ZS,..,,16.8590050338122,15.7967278693328,14.8243105242938,16.0448025610991,14.7275942495003,16.2399747055988,15.9232658405555,15.3905496262431,15.8811050644031,16.1045586466913,15.0091341262839,13.4651661528469,13.7767120732141,14.258864232574,14.4251464097104,13.9152888328518,15.2298367646285,,,,,,
Romania,ROU,GDP per capita (constant 2015 US$),NY.GDP.PCAP.KD,..,4544.60660829731,4567.24005700946,4873.09321918733,5246.17087345816,5407.85596292838,6005.91687643738,6325.22181426913,6873.66129476281,7480.58140810961,8314.23302727596,7921.22067865686,7657.54301644562,8042.90408895343,8234.305286922,8287.2503466763,8661.12275559441,8976.95523628605,9286.59692405866,10106.0184481755,10778.449248216,11252.8865517098,10898.9223283807,11617.9906328326,12279.5695705611
Romania,ROU,Trade (% of GDP),NE.TRD.GNFS.ZS,..,63.205242332383,48.5213253850786,51.9285910211481,53.7102478139376,56.1795270470243,60.6264786669408,59.3605494490555,61.6836259265159,63.5051566734658,65.1748146561928,58.4728337688248,69.833231637408,76.142606827993,76.5392333462156,81.4016211768502,83.3787079346797,83.5211627751621,85.8939786447949,87.1561566741587,86.470670301064,84.5030610232464,78.0591133789941,86.9765548730574,91.9788023341447
Romania,ROU,"Population, total",SP.POP.TOTL,22640547,22553978,22442971,22131970,21730496,21574326,21451748,21319685,21193760,20882982,20537875,20367487,20246871,20147528,20058035,19983693,19908979,19815616,19702267,19588715,19473970,19371648,19265250,19119880,18956666
Romania,ROU,"Inflation, consumer prices (annual %)",FP.CPI.TOTL.ZG,..,154.763480436309,45.6665940440238,34.4770123493528,22.5398862605386,15.2734889936255,11.8743635936399,9.01491283343835,6.55851412276983,4.83732928313989,7.85080255714483,5.58742004264392,6.09141668601892,5.78925328815882,3.33492267693443,3.98471235548128,1.06830987684293,-0.594156437495137,-1.54479666813904,1.33902121104396,4.62548443137781,3.82785432599428,2.63107311184752,5.05232876096582,13.795488743252
Romania,ROU,GDP growth (annual %),NY.GDP.MKTP.KD.ZG,..,-4.8490627379703,2.4612634592269,5.21813625673708,5.70299165043771,2.34114732919521,10.4281130180976,4.6681480508487,8.02881107599163,7.23380774362805,9.30746717077338,-5.51739440805439,-3.90123628018621,4.51708696433914,1.92499326240754,0.269963878633803,4.12067496319813,3.16050387041089,2.8575460568877,8.19650650309624,6.02901904128214,3.85316383348211,-3.67751079121797,5.79325451677282,4.79219035098895
Romania,ROU,"Agriculture, forestry, and fishing, value added (% of GDP)",NV.AGR.TOTL.ZS,..,17.5105195665899,10.8539180518615,13.1496003966219,11.3424376853187,11.9143840898386,12.7055114609076,8.48610428920676,7.82080658741648,5.50150097100926,6.30189320951269,6.11643294787061,5.17831209933517,5.95120974286078,4.54040256655454,5.50999686670216,4.94855252779138,4.42596074120938,4.2922478488702,4.43884752783431,4.56455945444835,4.42008259865203,4.17885403792064,4.51565534986286,4.45997875758943
Romania,ROU,"Industry (including construction), value added (% of GDP)",NV.IND.TOTL.ZS,..,36.0026039113572,30.2634621400688,32.337206984498,33.3269850234614,32.0484937285585,31.8347873600822,32.2658742760889,32.9782770932418,34.2821825497409,36.7741526756529,36.4248709347848,38.315212211358,40.2120866827554,34.4246539379821,32.0741877530961,32.5714137918456,30.8120232923291,30.1218933665055,29.1102472148073,28.9186708716235,27.5918020264438,26.547935587499,26.7279988654225,28.8306111037402
Romania,ROU,Total natural resources rents (% of GDP),NY.GDP.TOTL.RT.ZS,..,2.97859588012488,3.46123165499051,3.50818907610252,2.7112003162552,2.46447091859139,2.42710528670431,1.9812708693419,2.07748693260267,1.63281122949123,2.1230453115181,1.43548196399429,1.71353438994212,2.28817644873145,2.18833144039798,1.87595138869643,1.51017281377838,0.975979399576012,0.688993508362941,0.884924035595192,1.07026334712177,0.798252105262357,0.508984051380759,1.144376067244,..
Romania,ROU,Adjusted savings: education expenditure (% of GNI),NY.ADJ.AEDU.GN.ZS,2.3179583,3.6145251,2.82,3.02,3.22,3.24,3.23,3.38,3.40999999999999,3.44,3.59500000000001,3.75,3.18,2.87,2.81,2.81,2.81,2.81,2.81,2.81,2.81,2.81,2.81,..,..
Romania,ROU,"School enrollment, primary (% gross)",SE.PRM.ENRR,..,99.3086013793945,104.286956787109,105.790283203125,105.530220031738,102.830619812012,105.122337341309,102.187843322754,101.634002685547,100.085487365723,98.5809478759766,100.860786437988,99.9739990234375,98.3790512084961,96.2415466308594,..,..,88.8662567138672,87.5895919799805,87.2723999023438,91.3751220703125,92.5572204589844,92.4761123657227,90.7731704711914,..
Romania,ROU,"School enrollment, secondary (% gross)",SE.SEC.ENRR,..,80.4126510620117,82.38330078125,83.499382019043,84.9503479003906,84.2207717895508,82.5846405029297,81.0594787597656,85.6820602416992,84.2603607177734,94.5384063720703,103.393241882324,102.467903137207,100.735900878906,97.4503707885742,95.6988983154297,93.5342178344727,91.2671966552734,88.7795104980469,88.3843231201172,86.5577163696289,86.3203887939453,86.2643814086914,86.1970901489258,..
Romania,ROU,"School enrollment, tertiary (% gross)",SE.TER.ENRR,12.8779602050781,19.0278091430664,23.2870101928711,28.0544300079346,33.7016906738281,38.9063987731934,41.7997398376465,45.4637298583984,54.1389312744141,60.2831192016602,73.4470672607422,81.5331497192383,75.2290267944336,66.7865829467773,54.9534912109375,51.3826103210449,51.0953598022461,49.3568992614746,49.911319732666,50.5108184814453,51.9943504333496,52.439380645752,53.4787902832031,55.2656097412109,..
Romania,ROU,"Life expectancy at birth, total (years)",SP.DYN.LE00.IN,69.6587804878049,69.0048780487805,71.1634146341463,71.1609756097561,71.009756097561,71.309756097561,71.5609756097561,71.9121951219512,72.1634146341463,72.5658536585366,72.5658536585366,73.309756097561,73.4585365853659,74.409756097561,74.4121951219512,75.0634146341463,74.909756097561,74.9121951219512,75.209756097561,75.309756097561,75.3585365853659,75.6073170731707,74.2536585365854,72.9609756097561,..
Romania,ROU,Net barter terms of trade index (2015 = 100),TT.PRI.MRCH.XD.WD,..,..,91.3413476445,91.2739149494,93.1983672058,94.3490581924,97.5067283978,97.4433596071,98.6561667291,98.0973937989,97.380058409,98.2830207912,98.9650276313,99.7199846954,99.1940962945,98.5599553348,98.1201871188,100,100.2099789609,98.0503863444,98.0409198185,98.5447483705,100.1221801961,99.2666637982,..
Romania,ROU,"Foreign direct investment, net inflows (% of GDP)",BX.KLT.DINV.WD.GD.ZS,..,3.41530078313418,2.78361327860149,2.8642077663554,2.48342020141655,3.1899591604244,8.59368469075418,6.60067213533435,9.02006159573787,5.78679016158104,6.37738170125013,2.66377050602034,1.89010749124935,1.2304934498297,1.70128984181448,2.03110494273982,1.93737110683172,2.42727505155264,3.37423294884799,2.83273350525653,3.01811578543055,2.93423089654186,1.43315637128091,4.11283279791241,3.94425526599055
Romania,ROU,Gross fixed capital formation (% of GDP),NE.GDI.FTOT.ZS,..,21.8356006447034,19.1198309450237,21.0397013750581,21.4637013492348,22.7401238865013,22.2953038620972,23.3629492100554,26.6161477360716,35.3425758725047,37.2865133135223,25.9975806864793,25.6722526322958,26.8261605478035,27.0068973376576,24.4261228059592,24.363066180837,24.9478628395512,23.1140020347914,22.8260219908018,21.3856275309976,22.9793796659618,23.5302576303185,23.7411091640037,25.153742689868
Romania,ROU,"Unemployment, total (% of total labor force) (modeled ILO estimate)",SL.UEM.TOTL.ZS,,,"6,97","6,56","8,11","6,95","7,72","7,17","7,27","6,41","5,79","6,86","6,96","7,18","6,79","7,1","6,8","6,81","5,9",,,,,,
Bulgaria,BGR,General government final consumption expenditure (% of GDP),NE.CON.GOVT.ZS,,,19.7851119720333,19.368455899514,19.178153843914,20.1105898204731,19.3619098932735,18.1535666491695,18.1469405300315,16.6883257645924,17.1498257945905,16.7393574315573,16.5044663444888,15.8503282721955,15.7905234385176,17.0848687443931,16.8326539913387,16.0841611676282,15.5827701945679,,,,,,
Bulgaria,BGR,GDP per capita (constant 2015 US$),NY.GDP.PCAP.KD,3895.88972071387,3678.26735726104,3721.05137976414,3941.0086655809,4263.98281913265,4522.97979562095,4853.94456910486,5235.73159000701,5634.52939219919,6050.24591906656,6465.50398512756,6294.38530835146,6433.64424416561,6611.0849099254,6699.68780097262,6699.52544205258,6802.85811320426,7081.10233572915,7347.71069308999,7606.02227923758,7866.82598109356,8242.31399635503,7963.6907543327,8641.81889895101,9502.4112808905
Bulgaria,BGR,Trade (% of GDP),NE.TRD.GNFS.ZS,78.3773116646511,86.4637364673225,77.7457041594489,79.0813687477668,75.2696110143524,79.0138853713575,93.063897964183,99.7142112127381,111.04746275381,123.532557660753,124.688747515359,92.6926456036375,103.411584202859,117.456289316293,123.993561447479,129.732659126464,130.28729035681,126.700942430032,122.833824180651,129.676597014807,128.851658793041,124.63959983931,110.281829998235,120.97408121999,136.283421656058
Bulgaria,BGR,"Population, total",SP.POP.TOTL,8960679,8312068,8170172,8009142,7837161,7775327,7716860,7658972,7601022,7545338,7492561,7444443,7395599,7348328,7305888,7265115,7223938,7177991,7127822,7075947,7025037,6975761,6934015,6877743,6465097
Bulgaria,BGR,"Inflation, consumer prices (annual %)",FP.CPI.TOTL.ZG,..,1058.37355921973,10.3162621289989,7.36093927231849,5.81014365721823,2.34864169582755,6.1471307424627,5.03883807111907,7.26159462769947,8.40253419005894,12.3487195994021,2.75320223914816,2.43899060504117,4.21990346601875,2.95456829831017,0.890093540913032,-1.41818380264842,-0.104633261008417,-0.798649886453611,2.06159619443137,2.81454473824833,3.10372944796774,1.67244096855762,3.29774435299511,15.3252589264366
Bulgaria,BGR,GDP growth (annual %),NY.GDP.MKTP.KD.ZG,3.39644362192246,-14.1153810605892,4.58722534164882,3.82370366409026,5.87193027784163,5.23715427768168,6.51042637870198,7.05634752647417,6.80258938160358,6.59138083729613,6.11601796399745,-3.2718542794976,1.54180144307578,2.10120575009232,0.754930385981893,-0.56049396557782,0.96686903234496,3.42805491352132,3.03982527630795,2.76217095961262,2.68476058693781,4.03814220572653,-3.95861459810695,7.63460971569079,3.36125275175223
Bulgaria,BGR,"Agriculture, forestry, and fishing, value added (% of GDP)",NV.AGR.TOTL.ZS,15.8126229440906,20.4768437246107,10.970482362947,10.6032532421664,9.71056962763958,9.09562775017386,8.45218537659142,7.28368572889434,6.09628492053004,4.65178489194212,5.86962692201849,4.23578565966123,4.03303510604369,4.66147651720173,4.42997508466995,4.51605399783225,4.55857549457845,4.0606896748769,4.05315347417595,4.04090723942437,3.3846096037225,3.24136009330673,3.48847693898,4.36701478207005,4.39944735523894
Bulgaria,BGR,"Industry (including construction), value added (% of GDP)",NV.IND.TOTL.ZS,59.9534588533954,21.7750696879005,22.6775829799096,23.9808817257269,24.0045118230475,24.3194023807744,23.1334052420728,24.2323985840088,25.370402523961,26.2601834036365,24.9905785476636,26.5673405144322,23.7573248967112,25.030678175602,25.3828196327453,23.5107977911967,23.4435738976145,24.0225310883942,24.449247252538,23.9758286109973,22.4046812030888,21.685086404092,21.8138156951281,20.8462047934885,25.9859766295137
Bulgaria,BGR,Total natural resources rents (% of GDP),NY.GDP.TOTL.RT.ZS,1.29223155573136,0.969971853679339,0.682250473694737,0.714335209608195,0.459805802148112,0.430571953471522,1.13721174341521,0.981901509777394,1.83143811540013,1.6864723678113,1.97470276622532,0.704216078965934,1.67975403719023,2.14267004784609,1.60464880529568,1.1076323174832,0.784766836474764,0.6587242316101,0.526340830586215,0.749247066231762,0.678372706778028,0.580269555247755,0.618935967577506,0.917744335906696,..
Bulgaria,BGR,Adjusted savings: education expenditure (% of GNI),NY.ADJ.AEDU.GN.ZS,3.7,3.0363094,3.20666666666667,3.31,3.19,3.81,2.22,3.81,3.81,3.6,4,4.22,3.98,3.69,3.57,3.84651934049791,3.8803261265784,3.9141329126589,3.94793969873939,3.98174648481988,3.98174648481988,3.98174648481988,3.98174648481988,..,..
Bulgaria,BGR,"School enrollment, primary (% gross)",SE.PRM.ENRR,102.756172180176,101.54483795166,104.70467376709,105.339256286621,109.646987915039,111.694488525391,111.75122833252,110.920433044434,108.823188781738,106.104972839355,104.157562255859,102.061912536621,101.400619506836,101.120269775391,100.363082885742,99.5608215332031,99.7107009887695,98.7655868530273,96.8762893676758,95.1726913452148,93.6309509277344,91.1833114624023,88.9717636108398,87.2791290283203,..
Bulgaria,BGR,"School enrollment, secondary (% gross)",SE.SEC.ENRR,89.9869003295898,92.3336715698242,79.8759078979492,80.9440765380859,83.9819869995117,88.118782043457,90.5342712402344,91.3667678833008,92.4120101928711,93.1541595458984,92.3840713500977,92.5213775634766,94.1819229125977,96.4361267089844,95.3903503417969,101.152542114258,103.013290405273,100.060470581055,97.3430328369141,95.7457427978516,95.3189697265625,93.5191802978516,91.2799377441406,89.7356414794922,..
Bulgaria,BGR,"School enrollment, tertiary (% gross)",SE.TER.ENRR,16.1458892822266,41.8087997436523,42.3398284912109,41.0407791137695,41.4290084838867,42.8536109924316,43.6935691833496,46.225269317627,47.7948303222656,51.2403411865234,52.6504096984863,55.0083694458008,58.354850769043,59.8246803283691,62.1616516113281,65.3930816650391,69.5866012573242,74.0448913574219,75.474853515625,76.0799179077148,76.2302093505859,75.3370971679688,74.3762283325195,74.0276489257812,..
Bulgaria,BGR,"Life expectancy at birth, total (years)",SP.DYN.LE00.IN,71.499756097561,70.3512195121951,71.6634146341463,71.7682926829268,71.8658536585366,72.0658536585366,72.5634146341463,72.5609756097561,72.6121951219512,72.6634146341463,72.9634146341463,73.4121951219512,73.5121951219512,74.1634146341463,74.3146341463415,74.8609756097561,74.4658536585366,74.6146341463415,74.8121951219512,74.8146341463415,74.9634146341464,75.1121951219512,73.6585365853659,71.5146341463415,..
Bulgaria,BGR,Net barter terms of trade index (2015 = 100),TT.PRI.MRCH.XD.WD,..,..,86.6519021761,83.6566862693,84.2742710739,84.7716605658,85.4030082747,86.476770242,91.5715134908,93.8237846363,94.0395337484,95.5277186455,96.3280948839,95.4251496554,95.274130554,95.582674235,96.032862928,100,101.8389502373,99.832604209,99.0146702156,99.1026167838,103.0951913882,102.1769886661,..
Bulgaria,BGR,"Foreign direct investment, net inflows (% of GDP)",BX.KLT.DINV.WD.GD.ZS,0,4.46089048946137,7.56080761987916,5.73162773371831,5.51519461491359,9.91625662073047,11.7462380295178,13.7204819113956,22.9038734548314,31.2275318810773,18.899759098496,7.49015555124798,3.63102927191505,3.64386270323498,3.29361733409538,3.56176359910323,1.91324083320867,4.37039843691537,2.75699070151552,3.38251848847235,2.72570910575125,3.22331703634025,5.10557875754031,2.97321972878233,3.6125512212103
Bulgaria,BGR,Gross fixed capital formation (% of GDP),NE.GDI.FTOT.ZS,25.6124707539097,9.68098696341184,16.7311718307776,19.2659183195055,18.9772598388809,19.8051384534451,20.9507166728271,25.6651645226304,27.4377450593783,28.2888035887462,32.9796200804236,27.7810139493655,22.1851660809403,20.8397318361964,21.1216538798867,21.1855209429947,21.0602039320097,20.8531742078982,18.4025407731678,18.2935378026306,18.7548384417314,18.6084277493725,19.0630210762064,16.3436646231309,15.3652481071344
Bulgaria,BGR,"Unemployment, total (% of total labor force) (modeled ILO estimate)",SL.UEM.TOTL.ZS,,,"16,22","19,92","18,11","13,73","12,04","10,08","8,95","6,88","5,61","6,82","10,28","11,26","12,27","12,94","11,42","9,14","7,57",,,,,,
Slovenia,SVN,General government final consumption expenditure (% of GDP),NE.CON.GOVT.ZS,,,18.4606878372717,18.8276863367944,18.6552372612997,18.7735597970787,18.8253164186766,18.9082215735669,18.6533028034237,17.4540512916663,18.1602880453248,20.1577402155575,20.4195374045183,20.5629364695652,20.355398541682,19.6408394030965,18.8880104347386,18.8231425503353,19.0355604006477,,,,,,
Slovenia,SVN,GDP per capita (constant 2015 US$),NY.GDP.PCAP.KD,,,16240.6568860495,16736.6666048821,17301.9338072883,17803.3779818988,18567.5622059245,19239.3999078218,20280.1519045957,21574.7534360106,22296.7049968231,20428.1698595221,20612.5895305308,20746.988405299,20157.0052544663,19922.474290455,20453.8333877187,20890.1664304173,21541.176421949,,,,,,
Slovenia,SVN,Trade (% of GDP),NE.TRD.GNFS.ZS,,,103.947770560229,104.534076563023,103.651280553018,102.324625859168,111.556541038575,120.262617804629,129.788393459099,137.127148234266,134.73152161893,113.121871683813,127.491480632624,139.277906278572,142.384430845304,143.75635401147,145.549750211855,146.295856696074,146.657774528668,,,,,,
Slovenia,SVN,"Population, total",SP.POP.TOTL,,,1988925,1992060,1994530,1995733,1997012,2000474,2006868,2018122,2021316,2039669,2048583,2052843,2057159,2059953,2061980,2063531,2065042,,,,,,
Slovenia,SVN,"Inflation, consumer prices (annual %)",FP.CPI.TOTL.ZG,,,8.91174418658764,8.37966587492205,7.48077770703756,5.54416421752898,3.59297594249513,2.45150132316474,2.45792444195864,3.65749563284104,5.64742380573934,0.83926224679384,1.80117022137136,1.80285171941907,2.5974138603901,1.76920085881896,0.199343826570849,-0.525552285820838,-0.0549995416704911,,,,,,
Slovenia,SVN,GDP growth (annual %),NY.GDP.MKTP.KD.ZG,,,3.67237154968245,3.21656033452891,3.50559805692072,2.96026028579455,4.35919277843995,3.79797264198646,5.746396900645,6.98016075450694,3.50984151699558,-7.54843779134178,1.34374847220215,0.861327732719303,-2.63943875676689,-1.02928277204056,2.76815883065036,2.21008160650594,3.19185251782498,,,,,,
Slovenia,SVN,"Agriculture, forestry, and fishing, value added (% of GDP)",NV.AGR.TOTL.ZS,,,3.08556322926251,2.78807125237532,2.97920281086595,2.25206975614957,2.42963083827174,2.42520298872385,2.11914767621997,2.04807019872806,1.8279136220512,1.81591318608916,1.89386405075428,2.14260566834084,1.96350552854926,1.97122520387357,2.01709653525567,2.09659621336938,1.98017135976102,,,,,,
Slovenia,SVN,"Industry (including construction), value added (% of GDP)",NV.IND.TOTL.ZS,,,30.4678715811631,30.5505912651881,29.9670575106009,30.2466575643583,30.2548712114283,29.7904828756274,30.121920191459,30.6536886470498,29.7882586102964,27.3738187364162,26.5060887705994,26.8088279393627,27.3945893766499,27.4889544680464,28.1368465759898,28.0267665716727,27.9656586171174,,,,,,
Slovenia,SVN,Total natural resources rents (% of GDP),NY.GDP.TOTL.RT.ZS,,,0.165849101778217,0.199306385689207,0.13744231201025,0.144377050092285,0.234121034135071,0.184333376963884,0.211639433767345,0.231396138446941,0.393053204516194,0.206333476418366,0.300599361470026,0.35989971304657,0.252704524589708,0.206400677505941,0.264570914876485,0.263848700764214,0.261246243560769,,,,,,
Slovenia,SVN,Adjusted savings: education expenditure (% of GNI),NY.ADJ.AEDU.GN.ZS,,,5.29506416725329,5.26672795087993,5.23839173450659,5.21005551813323,5.26,5.21,5.15,4.85,4.76,5.22,5.26,5.24,5.36,4.82113685298867,4.66785608403585,4.65158545678087,4.29014883009213,,,,,,
Slovenia,SVN,"School enrollment, primary (% gross)",SE.PRM.ENRR,,,99.6168975830078,102.646118164062,105.333992004395,110.09203338623,96.6843719482422,98.2098770141602,100.249351501465,96.4375076293945,97.1056976318359,97.7083587646484,98.0614013671875,97.9861526489258,98.2142868041992,98.6006774902344,98.5871734619141,98.381591796875,97.9815826416016,,,,,,
Slovenia,SVN,"School enrollment, secondary (% gross)",SE.SEC.ENRR,,,102.752769470215,108.754692077637,109.761543273926,111.062507629395,98.896858215332,98.4314880371094,97.2324523925781,99.2364883422852,99.93359375,98.9675598144531,98.5378189086914,98.4782180786133,98.1137313842773,110.558929443359,110.182746887207,109.655220031738,115.216941833496,,,,,,
Slovenia,SVN,"School enrollment, tertiary (% gross)",SE.TER.ENRR,,,55.3705101013184,60.8455085754395,66.6545715332031,69.6047668457031,73.348876953125,81.2728118896484,85.2738876342773,87.2651672363281,88.5987091064453,87.96533203125,90.2514877319336,87.1887130737305,89.0215606689453,87.8572082519531,84.3780288696289,82.1997833251953,79.4747467041016,,,,,,
Slovenia,SVN,"Life expectancy at birth, total (years)",SP.DYN.LE00.IN,,,75.4121951219512,75.7585365853659,76.0073170731707,76.8585365853659,77.2073170731707,77.6121951219512,78.0865853658537,78.5609756097561,78.7658536585366,78.9707317073171,79.4219512195122,79.9707317073171,80.1243902439024,80.3219512195122,81.0780487804878,80.7756097560976,81.1756097560976,,,,,,
Slovenia,SVN,Net barter terms of trade index (2015 = 100),TT.PRI.MRCH.XD.WD,,,102.4345588411,104.075632895,105.8712310174,106.2636900792,104.9455875798,101.7253416286,101.6202947734,100.6754827466,98.9681284728,102.928422892,99.6693227239,98.2363417003,97.5542870086,98.3420677069,98.8709390961,100,100.2291217185,,,,,,
Slovenia,SVN,"Foreign direct investment, net inflows (% of GDP)",BX.KLT.DINV.WD.GD.ZS,,,0.66930750249216,2.40080742579028,7.87487714245615,1.80733988688603,2.21736097143392,2.68129421328472,1.7527944132381,3.92054973919648,1.93752757193227,-0.686151700651444,0.662011164638882,1.69810125010741,0.0720040328216091,0.214853463745322,2.03887595702823,4.01356343441891,3.23069044265366,,,,,,
Slovenia,SVN,Gross fixed capital formation (% of GDP),NE.GDI.FTOT.ZS,,,27.4153108434773,26.3511420768082,24.5727487582603,25.0311215473628,26.015530732036,26.5929491350818,27.7455461953844,28.6512341412834,29.4429676679912,24.1306181639809,21.0815866908038,19.9444236500335,19.0317166406387,19.633594722471,19.1075788007384,18.6545903018536,17.379119470145,,,,,,
Slovenia,SVN,"Unemployment, total (% of total labor force) (modeled ILO estimate)",SL.UEM.TOTL.ZS,,,"6,92","5,68","5,92","6,48","6,01","6,51","5,95","4,82","4,37","5,86","7,24","8,17","8,84","10,1","9,67","8,96",8,,,,,,
,,,,,,,,,,,,,,,,,,,,,,,,,,,,
,,,,,,,,,,,,,,,,,,,,,,,,,,,,
Data from database: World Development Indicators,,,,,,,,,,,,,,,,,,,,,,,,,,,,
Last Updated: 10/26/2023,,,,,,,,,,,,,,,,,,,,,,,,,,,,
